date,max_temp_c,min_temp_c,mean_temp_c,total_precip_mm,snow_on_ground_cm,snow_depth_mean,freeze_thaw_flag
2019-01-01,4.2,-0.6,2.1,0.0,0.0,0.0,1
2019-01-02,4.2,2.0,3.2,10.2,0.49,0.0,0
2019-01-03,8.2,4.3,6.7,74.3,0.0,0.0,0
2019-01-04,8.4,5.7,7.0,16.3,0.0,0.0,0
2019-01-05,8.3,3.8,6.3,3.4,0.0,0.0,0
2019-01-06,6.1,2.2,4.7,10.4,0.0,0.0,0
2019-01-07,4.3,0.1,2.5,1.1,0.0,0.01,0
2019-01-08,3.5,-0.2,2.0,6.4,0.49,0.01,1
2019-01-09,8.9,2.5,5.6,8.0,0.0,0.01,0
2019-01-10,9.4,7.2,8.3,7.1,0.0,0.0,0
2019-01-11,9.1,5.7,7.6,0.0,0.0,0.0,0
2019-01-12,9.6,3.0,6.5,0.4,0.0,0.0,0
2019-01-13,8.4,3.0,6.1,0.0,0.0,0.0,0
2019-01-14,7.4,1.7,3.9,0.0,0.0,0.0,0
2019-01-15,7.1,-1.0,3.2,0.0,0.0,0.0,1
2019-01-16,6.9,1.2,3.7,0.0,0.0,0.0,0
2019-01-17,7.7,0.8,4.7,8.2,0.0,0.0,0
2019-01-18,8.1,5.7,7.0,17.5,0.0,0.0,0
2019-01-19,8.8,3.0,6.4,3.0,0.0,0.0,0
2019-01-20,6.7,2.0,4.5,0.0,0.0,0.0,0
2019-01-21,5.9,-0.4,2.7,0.0,0.0,0.0,1
2019-01-22,4.8,2.4,3.9,21.9,1.61,0.0,0
2019-01-23,7.1,2.2,5.2,13.5,0.0,0.01,0
2019-01-24,6.4,1.6,4.0,0.2,0.0,0.01,0
2019-01-25,6.8,2.6,4.4,0.0,0.0,0.01,0
2019-01-26,6.8,1.1,3.9,0.0,0.0,0.0,0
2019-01-27,6.3,-0.1,3.3,0.0,0.0,0.0,1
2019-01-28,6.6,1.8,4.0,0.0,0.0,0.0,0
2019-01-29,7.0,-0.1,3.2,0.0,0.0,0.0,1
2019-01-30,7.4,2.2,4.4,0.0,0.0,0.0,0
2019-01-31,7.2,3.8,5.8,0.9,0.0,0.0,0
2019-02-01,7.2,4.7,6.0,29.9,0.0,0.0,0
2019-02-02,6.2,2.7,4.5,0.1,0.0,0.0,0
2019-02-03,2.7,-3.8,-0.5,1.5,1.05,0.01,1
2019-02-04,-1.0,-5.8,-4.0,1.9,1.33,0.03,0
2019-02-05,-0.2,-6.8,-3.9,0.0,0.0,0.03,0
2019-02-06,1.4,-5.0,-1.8,0.0,0.0,0.03,1
2019-02-07,2.2,-4.7,-1.3,0.0,0.0,0.03,1
2019-02-08,2.8,-3.0,-0.6,0.1,0.07,0.03,1
2019-02-09,1.2,-4.2,-2.4,0.1,0.07,0.03,1
2019-02-10,-0.8,-6.7,-3.6,3.3,2.31,0.04,0
2019-02-11,-0.2,-8.1,-3.9,3.9,2.73,0.08,0
2019-02-12,-0.2,-3.6,-2.1,6.4,4.55,0.1,0
2019-02-13,0.7,-5.1,-1.3,1.0,0.7,0.13,1
2019-02-14,1.1,-7.6,-2.1,6.0,4.2,0.13,1
2019-02-15,2.9,0.6,2.1,9.5,1.12,0.16,0
2019-02-16,5.3,-0.1,2.5,1.0,0.0,0.13,1
2019-02-17,5.2,0.6,2.8,0.0,0.0,0.11,0
2019-02-18,4.6,-1.4,1.4,0.0,0.0,0.1,1
2019-02-19,2.0,-0.8,0.8,4.5,2.31,0.1,1
2019-02-20,4.3,-1.2,1.7,0.0,0.0,0.09,1
2019-02-21,5.4,-1.0,2.2,0.0,0.0,0.08,1
2019-02-22,4.2,0.1,1.3,9.7,6.3,0.08,0
2019-02-23,4.3,0.6,1.7,4.9,2.1,0.09,0
2019-02-24,6.1,-0.6,2.4,0.5,0.21,0.08,1
2019-02-25,4.8,-2.4,1.0,0.0,0.0,0.08,1
2019-02-26,4.2,-4.2,-0.5,0.0,0.0,0.07,1
2019-02-27,4.1,-2.8,1.4,0.7,0.49,0.06,1
2019-02-28,5.4,0.1,2.2,0.9,0.56,0.06,0
2019-03-01,5.2,-0.1,2.4,0.0,0.0,0.06,1
2019-03-02,5.7,0.3,2.8,0.0,0.0,0.05,0
2019-03-03,4.8,-2.3,1.2,0.0,0.0,0.04,1
2019-03-04,4.2,-3.4,0.4,0.0,0.0,0.03,1
2019-03-05,5.8,-2.2,1.5,0.0,0.0,0.03,1
2019-03-06,4.2,-0.2,1.4,5.1,2.87,0.02,1
2019-03-07,3.8,-1.2,1.1,8.2,3.43,0.04,1
2019-03-08,4.7,-1.2,1.5,0.7,0.42,0.04,1
2019-03-09,5.7,-2.7,2.0,0.0,0.0,0.03,1
2019-03-10,7.1,-2.2,2.9,0.0,0.0,0.02,1
2019-03-11,5.8,0.5,2.7,11.0,2.45,0.02,0
2019-03-12,6.6,0.0,3.6,2.1,0.56,0.03,0
2019-03-13,7.8,1.7,4.4,0.1,0.0,0.02,0
2019-03-14,8.3,3.6,5.7,2.2,0.0,0.01,0
2019-03-15,10.0,4.5,7.0,1.0,0.0,0.01,0
2019-03-16,11.3,4.8,8.1,0.0,0.0,0.0,0
2019-03-17,12.5,4.2,9.0,0.0,0.0,0.0,0
2019-03-18,15.6,5.3,11.1,0.0,0.0,0.0,0
2019-03-19,18.9,5.6,11.9,0.0,0.0,0.0,0
2019-03-20,16.9,6.4,11.7,0.0,0.0,0.0,0
2019-03-21,14.9,6.5,10.6,0.0,0.0,0.0,0
2019-03-22,15.2,7.1,10.3,0.4,0.0,0.0,0
2019-03-23,11.4,6.2,8.6,0.5,0.0,0.0,0
2019-03-24,11.2,3.6,7.6,0.0,0.0,0.0,0
2019-03-25,13.2,4.1,7.9,5.7,0.0,0.0,0
2019-03-26,10.4,4.8,7.4,6.8,0.0,0.0,0
2019-03-27,11.8,2.8,7.7,0.0,0.0,0.0,0
2019-03-28,12.7,6.0,9.2,0.0,0.0,0.0,0
2019-03-29,13.4,3.9,8.6,0.0,0.0,0.0,0
2019-03-30,12.9,5.0,8.8,0.0,0.0,0.0,0
2019-03-31,13.1,5.0,8.8,0.0,0.0,0.0,0
2019-04-01,16.2,5.7,11.0,0.0,0.0,0.0,0
2019-04-02,15.1,6.0,11.2,0.0,0.0,0.0,0
2019-04-03,11.9,7.9,9.6,22.6,0.0,0.0,0
2019-04-04,12.8,7.4,10.2,0.1,0.0,0.0,0
2019-04-05,13.8,6.1,10.0,9.1,0.0,0.0,0
2019-04-06,9.4,6.2,7.7,11.9,0.0,0.0,0
2019-04-07,11.0,5.9,7.9,4.4,0.0,0.0,0
2019-04-08,12.1,5.2,7.8,3.4,0.0,0.0,0
2019-04-09,12.4,6.4,8.8,0.1,0.0,0.0,0
2019-04-10,9.3,5.8,7.4,10.0,0.0,0.0,0
2019-04-11,8.4,4.6,6.5,10.2,0.0,0.0,0
2019-04-12,11.9,3.5,7.9,0.0,0.0,0.0,0
2019-04-13,9.7,5.9,7.3,12.6,0.0,0.0,0
2019-04-14,8.8,4.4,6.8,0.7,0.0,0.0,0
2019-04-15,10.1,3.7,6.8,0.7,0.0,0.0,0
2019-04-16,11.4,3.1,7.7,1.0,0.0,0.0,0
2019-04-17,12.9,7.3,9.7,2.7,0.0,0.0,0
2019-04-18,11.4,8.5,10.2,28.3,0.0,0.0,0
2019-04-19,11.4,6.3,9.9,3.3,0.0,0.0,0
2019-04-20,12.9,5.2,9.1,0.0,0.0,0.0,0
2019-04-21,13.5,6.3,9.9,0.0,0.0,0.0,0
2019-04-22,9.9,8.1,8.8,13.4,0.0,0.0,0
2019-04-23,13.0,8.2,10.0,2.2,0.0,0.0,0
2019-04-24,11.4,6.3,8.7,0.0,0.0,0.0,0
2019-04-25,12.1,4.7,8.7,0.0,0.0,0.0,0
2019-04-26,11.2,4.8,8.7,0.0,0.0,0.0,0
2019-04-27,10.6,5.2,7.9,0.0,0.0,0.0,0
2019-04-28,12.7,4.2,8.6,0.0,0.0,0.0,0
2019-04-29,14.8,5.1,9.9,0.0,0.0,0.0,0
2019-04-30,14.3,4.0,9.7,0.0,0.0,0.0,0
2019-05-01,13.8,6.8,10.5,0.0,0.0,0.0,0
2019-05-02,12.8,6.3,10.2,0.1,0.0,0.0,0
2019-05-03,12.9,8.2,10.5,0.1,0.0,0.0,0
2019-05-04,14.5,6.6,10.2,0.0,0.0,0.0,0
2019-05-05,14.8,8.0,11.6,0.0,0.0,0.0,0
2019-05-06,16.2,8.3,12.6,0.0,0.0,0.0,0
2019-05-07,16.8,9.2,13.0,0.0,0.0,0.0,0
2019-05-08,18.5,9.0,13.8,0.0,0.0,0.0,0
2019-05-09,22.0,11.1,16.7,0.0,0.0,0.0,0
2019-05-10,20.6,14.1,17.9,0.0,0.0,0.0,0
2019-05-11,21.1,13.8,16.9,0.0,0.0,0.0,0
2019-05-12,15.0,10.4,12.9,0.0,0.0,0.0,0
2019-05-13,14.1,9.9,11.9,0.0,0.0,0.0,0
2019-05-14,13.8,9.8,11.3,16.8,0.0,0.0,0
2019-05-15,18.5,9.8,13.3,1.1,0.0,0.0,0
2019-05-16,17.1,11.9,14.3,0.9,0.0,0.0,0
2019-05-17,15.6,10.9,13.2,8.3,0.0,0.0,0
2019-05-18,17.9,10.6,14.1,0.0,0.0,0.0,0
2019-05-19,19.9,12.1,15.6,0.0,0.0,0.0,0
2019-05-20,15.2,10.4,12.6,3.4,0.0,0.0,0
2019-05-21,18.0,8.8,13.9,0.3,0.0,0.0,0
2019-05-22,18.9,9.6,14.5,0.0,0.0,0.0,0
2019-05-23,18.6,11.8,15.5,0.5,0.0,0.0,0
2019-05-24,15.6,11.4,12.9,4.0,0.0,0.0,0
2019-05-25,14.1,11.4,12.3,13.5,0.0,0.0,0
2019-05-26,20.2,10.1,14.9,0.0,0.0,0.0,0
2019-05-27,20.5,12.9,16.9,0.0,0.0,0.0,0
2019-05-28,17.5,12.6,14.7,0.0,0.0,0.0,0
2019-05-29,17.0,12.4,14.6,0.0,0.0,0.0,0
2019-05-30,18.5,11.8,15.6,0.0,0.0,0.0,0
2019-05-31,19.7,11.9,16.3,0.0,0.0,0.0,0
2019-06-01,19.0,12.6,15.8,0.0,0.0,0.0,0
2019-06-02,20.4,12.6,16.6,0.0,0.0,0.0,0
2019-06-03,18.0,12.2,15.3,0.0,0.0,0.0,0
2019-06-04,17.1,9.6,13.8,0.0,0.0,0.0,0
2019-06-05,14.2,11.3,12.9,5.2,0.0,0.0,0
2019-06-06,14.7,8.4,12.0,0.5,0.0,0.0,0
2019-06-07,15.2,8.6,11.9,3.5,0.0,0.0,0
2019-06-08,17.0,10.0,13.5,0.3,0.0,0.0,0
2019-06-09,17.5,10.6,14.5,0.0,0.0,0.0,0
2019-06-10,18.5,12.4,15.7,0.0,0.0,0.0,0
2019-06-11,24.5,13.2,19.1,0.0,0.0,0.0,0
2019-06-12,27.6,17.9,22.1,0.0,0.0,0.0,0
2019-06-13,22.0,15.7,19.1,0.0,0.0,0.0,0
2019-06-14,18.8,12.9,15.8,0.4,0.0,0.0,0
2019-06-15,20.0,12.6,16.6,0.0,0.0,0.0,0
2019-06-16,20.5,12.4,16.9,0.0,0.0,0.0,0
2019-06-17,21.6,13.1,17.9,0.0,0.0,0.0,0
2019-06-18,20.9,16.0,17.8,0.0,0.0,0.0,0
2019-06-19,18.7,13.6,15.7,1.0,0.0,0.0,0
2019-06-20,18.2,10.4,14.4,0.1,0.0,0.0,0
2019-06-21,19.0,11.7,15.8,0.0,0.0,0.0,0
2019-06-22,18.8,12.5,15.4,0.0,0.0,0.0,0
2019-06-23,17.2,11.8,14.9,0.1,0.0,0.0,0
2019-06-24,17.5,11.9,14.8,4.9,0.0,0.0,0
2019-06-25,19.8,11.1,15.9,0.0,0.0,0.0,0
2019-06-26,20.4,13.4,16.9,0.0,0.0,0.0,0
2019-06-27,18.2,13.4,15.2,13.3,0.0,0.0,0
2019-06-28,17.7,12.2,15.1,1.9,0.0,0.0,0
2019-06-29,19.1,12.1,16.1,0.2,0.0,0.0,0
2019-06-30,21.8,13.7,17.9,0.0,0.0,0.0,0
2019-07-01,22.1,14.7,18.6,0.0,0.0,0.0,0
2019-07-02,18.6,13.8,15.8,3.2,0.0,0.0,0
2019-07-03,19.0,13.6,16.3,0.2,0.0,0.0,0
2019-07-04,19.2,14.6,16.9,0.0,0.0,0.0,0
2019-07-05,18.5,15.0,16.2,5.7,0.0,0.0,0
2019-07-06,18.5,13.9,15.8,4.4,0.0,0.0,0
2019-07-07,17.2,13.8,15.3,6.9,0.0,0.0,0
2019-07-08,18.8,12.9,16.3,0.0,0.0,0.0,0
2019-07-09,21.7,13.5,17.8,2.2,0.0,0.0,0
2019-07-10,20.1,15.9,17.7,12.9,0.0,0.0,0
2019-07-11,20.2,14.9,17.6,1.0,0.0,0.0,0
2019-07-12,21.8,13.9,18.1,0.0,0.0,0.0,0
2019-07-13,21.4,15.1,18.4,0.1,0.0,0.0,0
2019-07-14,20.6,14.6,17.9,0.0,0.0,0.0,0
2019-07-15,21.5,15.4,18.9,0.1,0.0,0.0,0
2019-07-16,20.8,15.1,18.5,0.2,0.0,0.0,0
2019-07-17,19.9,15.2,17.1,15.9,0.0,0.0,0
2019-07-18,18.6,15.0,16.5,0.7,0.0,0.0,0
2019-07-19,17.8,13.6,15.8,0.0,0.0,0.0,0
2019-07-20,21.2,11.1,16.8,0.0,0.0,0.0,0
2019-07-21,26.4,14.9,20.5,0.0,0.0,0.0,0
2019-07-22,24.2,15.1,19.9,0.0,0.0,0.0,0
2019-07-23,21.5,14.9,18.4,0.1,0.0,0.0,0
2019-07-24,20.6,14.6,17.7,3.7,0.0,0.0,0
2019-07-25,22.9,14.0,18.7,0.0,0.0,0.0,0
2019-07-26,25.7,15.9,21.1,0.0,0.0,0.0,0
2019-07-27,22.5,17.2,19.4,4.0,0.0,0.0,0
2019-07-28,22.5,14.2,18.6,0.0,0.0,0.0,0
2019-07-29,22.5,14.7,19.1,0.0,0.0,0.0,0
2019-07-30,21.4,14.4,18.0,0.3,0.0,0.0,0
2019-07-31,23.1,16.2,20.0,0.0,0.0,0.0,0
2019-08-01,24.2,16.6,19.8,2.3,0.0,0.0,0
2019-08-02,22.9,17.1,19.6,11.5,0.0,0.0,0
2019-08-03,22.1,14.8,18.6,0.0,0.0,0.0,0
2019-08-04,24.8,17.0,20.7,0.0,0.0,0.0,0
2019-08-05,24.6,14.9,20.7,0.0,0.0,0.0,0
2019-08-06,23.9,15.1,19.7,0.0,0.0,0.0,0
2019-08-07,23.5,15.1,19.8,0.0,0.0,0.0,0
2019-08-08,21.1,14.9,18.3,0.0,0.0,0.0,0
2019-08-09,21.0,16.4,18.3,0.0,0.0,0.0,0
2019-08-10,21.1,14.9,17.9,0.0,0.0,0.0,0
2019-08-11,19.9,15.0,16.9,9.0,0.0,0.0,0
2019-08-12,21.2,14.8,18.1,0.3,0.0,0.0,0
2019-08-13,21.9,14.9,18.8,0.0,0.0,0.0,0
2019-08-14,23.0,15.4,19.4,0.0,0.0,0.0,0
2019-08-15,21.4,14.4,18.8,0.0,0.0,0.0,0
2019-08-16,19.8,14.8,17.4,0.0,0.0,0.0,0
2019-08-17,20.0,15.7,17.9,0.3,0.0,0.0,0
2019-08-18,21.5,15.4,18.0,0.6,0.0,0.0,0
2019-08-19,20.8,14.6,17.4,0.3,0.0,0.0,0
2019-08-20,22.7,15.1,18.8,0.0,0.0,0.0,0
2019-08-21,18.7,16.3,17.2,19.6,0.0,0.0,0
2019-08-22,19.3,14.8,16.7,0.0,0.0,0.0,0
2019-08-23,18.1,14.4,15.9,2.8,0.0,0.0,0
2019-08-24,19.2,13.6,16.1,0.4,0.0,0.0,0
2019-08-25,19.1,14.3,17.0,0.1,0.0,0.0,0
2019-08-26,20.6,12.1,16.6,0.0,0.0,0.0,0
2019-08-27,23.2,15.3,19.2,0.0,0.0,0.0,0
2019-08-28,23.7,16.2,19.8,0.0,0.0,0.0,0
2019-08-29,23.2,14.9,19.5,0.0,0.0,0.0,0
2019-08-30,21.5,17.0,18.8,0.2,0.0,0.0,0
2019-08-31,21.4,16.5,18.9,1.6,0.0,0.0,0
2019-09-01,20.9,16.6,18.5,0.5,0.0,0.0,0
2019-09-02,22.0,14.9,18.3,0.0,0.0,0.0,0
2019-09-03,21.5,14.1,18.1,0.0,0.0,0.0,0
2019-09-04,20.6,14.8,17.6,0.1,0.0,0.0,0
2019-09-05,23.4,14.9,19.2,0.0,0.0,0.0,0
2019-09-06,24.2,14.9,19.8,0.0,0.0,0.0,0
2019-09-07,19.5,16.3,17.6,0.1,0.0,0.0,0
2019-09-08,18.5,14.7,16.0,15.5,0.0,0.0,0
2019-09-09,18.5,14.5,16.1,4.0,0.0,0.0,0
2019-09-10,18.8,14.6,16.3,0.7,0.0,0.0,0
2019-09-11,18.5,13.4,16.0,0.0,0.0,0.0,0
2019-09-12,18.0,15.1,16.0,29.4,0.0,0.0,0
2019-09-13,17.8,14.4,15.6,13.1,0.0,0.0,0
2019-09-14,16.5,13.9,15.0,15.0,0.0,0.0,0
2019-09-15,15.8,12.3,14.2,21.6,0.0,0.0,0
2019-09-16,16.3,10.8,13.8,1.3,0.0,0.0,0
2019-09-17,14.3,12.1,13.2,18.7,0.0,0.0,0
2019-09-18,17.5,12.7,14.7,2.8,0.0,0.0,0
2019-09-19,16.5,10.2,13.1,1.0,0.0,0.0,0
2019-09-20,17.1,12.1,14.2,0.3,0.0,0.0,0
2019-09-21,17.3,12.8,14.7,2.8,0.0,0.0,0
2019-09-22,16.0,13.4,14.7,15.4,0.0,0.0,0
2019-09-23,13.9,11.9,13.0,12.2,0.0,0.0,0
2019-09-24,16.5,12.4,14.2,5.1,0.0,0.0,0
2019-09-25,15.9,10.4,13.3,1.0,0.0,0.0,0
2019-09-26,14.8,12.2,13.6,12.3,0.0,0.0,0
2019-09-27,12.8,9.6,11.4,0.9,0.0,0.0,0
2019-09-28,16.8,9.1,11.9,0.0,0.0,0.0,0
2019-09-29,14.6,8.6,11.0,0.0,0.0,0.0,0
2019-09-30,13.4,7.7,11.0,0.0,0.0,0.0,0
2019-10-01,12.8,5.4,9.2,0.0,0.0,0.0,0
2019-10-02,14.6,8.2,11.1,0.2,0.0,0.0,0
2019-10-03,13.6,9.7,11.3,5.4,0.0,0.0,0
2019-10-04,12.1,8.8,10.2,3.0,0.0,0.0,0
2019-10-05,12.7,7.2,9.9,0.4,0.0,0.0,0
2019-10-06,12.8,7.6,10.2,1.0,0.0,0.0,0
2019-10-07,14.4,9.8,11.5,28.4,0.0,0.0,0
2019-10-08,9.9,5.3,8.4,1.2,0.0,0.0,0
2019-10-09,8.6,2.5,6.1,0.0,0.0,0.0,0
2019-10-10,9.9,2.2,6.7,0.0,0.0,0.0,0
2019-10-11,12.6,5.2,8.9,0.0,0.0,0.0,0
2019-10-12,11.9,7.6,9.8,0.0,0.0,0.0,0
2019-10-13,11.5,8.1,9.9,0.5,0.0,0.0,0
2019-10-14,12.7,5.7,9.2,0.0,0.0,0.0,0
2019-10-15,11.9,8.5,10.4,9.8,0.0,0.0,0
2019-10-16,11.9,9.1,10.7,29.8,0.0,0.0,0
2019-10-17,12.0,8.3,9.8,15.4,0.0,0.0,0
2019-10-18,10.5,7.8,9.3,8.0,0.0,0.0,0
2019-10-19,9.6,7.3,8.3,5.4,0.0,0.0,0
2019-10-20,8.4,6.6,7.5,10.9,0.0,0.0,0
2019-10-21,10.4,7.0,9.1,34.1,0.0,0.0,0
2019-10-22,11.8,8.9,10.4,0.3,0.0,0.0,0
2019-10-23,11.3,5.4,8.3,0.0,0.0,0.0,0
2019-10-24,11.6,6.2,9.0,1.9,0.0,0.0,0
2019-10-25,11.8,7.2,10.3,4.4,0.0,0.0,0
2019-10-26,11.6,5.3,8.1,0.0,0.0,0.0,0
2019-10-27,9.9,3.2,6.8,0.0,0.0,0.0,0
2019-10-28,8.6,2.3,5.4,0.0,0.0,0.0,0
2019-10-29,7.4,2.7,5.4,0.0,0.0,0.0,0
2019-10-30,8.0,0.6,5.5,0.0,0.0,0.0,0
2019-10-31,9.0,1.9,5.4,0.0,0.0,0.0,0
2019-11-01,9.6,3.2,6.6,0.0,0.0,0.0,0
2019-11-02,10.2,3.5,7.2,0.0,0.0,0.0,0
2019-11-03,9.8,3.5,6.8,0.0,0.0,0.0,0
2019-11-04,9.5,3.8,6.5,0.0,0.0,0.0,0
2019-11-05,9.8,5.4,7.5,0.0,0.0,0.0,0
2019-11-06,10.6,4.6,7.8,0.0,0.0,0.0,0
2019-11-07,11.1,3.6,7.6,0.0,0.0,0.0,0
2019-11-08,11.5,4.4,8.4,0.1,0.0,0.0,0
2019-11-09,9.8,7.6,8.6,3.0,0.0,0.0,0
2019-11-10,11.7,7.0,8.9,0.0,0.0,0.0,0
2019-11-11,9.6,6.4,8.3,0.3,0.0,0.0,0
2019-11-12,9.1,7.7,8.3,15.1,0.0,0.0,0
2019-11-13,10.9,6.3,8.5,0.2,0.0,0.0,0
2019-11-14,10.9,5.7,8.5,0.0,0.0,0.0,0
2019-11-15,11.6,5.0,8.9,10.5,0.0,0.0,0
2019-11-16,9.3,5.8,8.0,15.5,0.0,0.0,0
2019-11-17,11.5,7.8,9.5,32.6,0.0,0.0,0
2019-11-18,10.6,7.7,8.8,6.1,0.0,0.0,0
2019-11-19,9.6,4.2,7.7,3.7,0.0,0.0,0
2019-11-20,8.9,2.9,5.7,0.0,0.0,0.0,0
2019-11-21,8.7,1.9,5.4,0.0,0.0,0.0,0
2019-11-22,7.1,0.9,4.0,0.0,0.0,0.0,0
2019-11-23,7.0,4.6,5.6,22.1,0.0,0.0,0
2019-11-24,8.6,5.4,7.1,1.4,0.0,0.0,0
2019-11-25,6.1,1.8,4.6,0.4,0.0,0.0,0
2019-11-26,5.6,0.2,2.4,0.6,0.21,0.01,0
2019-11-27,6.2,-0.6,2.6,0.0,0.0,0.01,1
2019-11-28,3.1,-0.9,1.5,0.0,0.0,0.01,1
2019-11-29,3.3,-3.2,0.2,0.0,0.0,0.01,1
2019-11-30,4.1,-2.0,0.5,0.0,0.0,0.01,1
2019-12-01,4.0,-1.7,1.5,0.3,0.0,0.01,1
2019-12-02,4.8,2.0,3.2,6.9,0.0,0.01,0
2019-12-03,7.2,3.5,5.7,7.3,0.0,0.01,0
2019-12-04,7.2,5.1,6.4,5.8,0.0,0.0,0
2019-12-05,6.2,2.7,5.1,0.5,0.0,0.0,0
2019-12-06,9.4,5.7,6.9,6.9,0.0,0.0,0
2019-12-07,8.6,6.4,7.4,3.7,0.0,0.0,0
2019-12-08,8.4,3.7,6.6,0.0,0.0,0.0,0
2019-12-09,6.7,2.4,4.5,0.0,0.0,0.0,0
2019-12-10,6.0,0.8,3.9,2.6,0.0,0.0,0
2019-12-11,8.2,4.2,6.0,12.1,0.0,0.0,0
2019-12-12,7.0,4.2,6.0,20.9,0.0,0.0,0
2019-12-13,5.8,4.1,4.9,4.5,0.0,0.0,0
2019-12-14,5.2,2.0,3.7,2.1,0.0,0.0,0
2019-12-15,4.6,1.3,2.6,0.2,0.0,0.0,0
2019-12-16,5.8,2.5,4.0,2.7,0.0,0.0,0
2019-12-17,6.9,5.1,6.2,4.2,0.0,0.0,0
2019-12-18,7.2,4.4,5.8,15.8,0.0,0.0,0
2019-12-19,5.8,3.8,4.6,25.3,0.0,0.0,0
2019-12-20,7.2,5.1,6.3,20.3,0.0,0.0,0
2019-12-21,5.2,3.3,4.4,6.4,0.0,0.0,0
2019-12-22,7.6,2.5,4.7,0.1,0.0,0.0,0
2019-12-23,4.8,0.1,2.7,0.0,0.0,0.0,0
2019-12-24,4.9,1.9,3.4,1.5,0.0,0.0,0
2019-12-25,5.0,1.9,4.0,0.5,0.0,0.0,0
2019-12-26,3.8,-1.0,1.6,1.9,0.63,0.0,1
2019-12-27,4.7,1.7,2.8,2.5,0.35,0.01,0
2019-12-28,5.8,3.1,4.7,4.0,0.0,0.01,0
2019-12-29,8.0,4.9,6.4,0.7,0.0,0.0,0
2019-12-30,7.0,5.7,6.3,13.5,0.0,0.0,0
2019-12-31,9.1,6.1,6.9,59.1,0.0,0.0,0
2020-01-01,9.4,5.5,7.8,2.8,0.0,0.0,0
2020-01-02,5.1,2.0,3.5,9.8,0.35,0.0,0
2020-01-03,11.4,4.2,8.1,26.6,0.0,0.01,0
2020-01-04,7.7,3.0,5.4,3.3,0.0,0.0,0
2020-01-05,5.9,1.8,4.6,10.5,0.0,0.01,0
2020-01-06,5.6,2.4,4.0,22.1,0.21,0.02,0
2020-01-07,8.4,5.7,7.5,38.9,0.0,0.01,0
2020-01-08,5.7,-0.1,3.7,0.0,0.0,0.0,1
2020-01-09,3.5,-1.1,0.9,0.2,0.14,0.01,1
2020-01-10,3.5,0.6,1.6,30.7,14.28,0.04,0
2020-01-11,4.9,1.1,3.6,9.6,0.35,0.05,0
2020-01-12,3.5,-1.8,1.6,23.5,9.17,0.08,1
2020-01-13,-2.1,-7.0,-5.3,1.1,0.77,0.1,0
2020-01-14,-5.6,-10.1,-7.1,1.0,0.7,0.1,0
2020-01-15,0.9,-6.9,-2.8,6.0,4.2,0.16,1
2020-01-16,1.5,-5.6,-0.9,8.3,5.81,0.21,1
2020-01-17,1.4,-6.1,-1.5,0.5,0.35,0.23,1
2020-01-18,4.5,1.4,2.8,10.0,3.43,0.26,0
2020-01-19,7.1,4.0,5.1,8.2,0.0,0.2,0
2020-01-20,7.2,3.5,5.7,11.6,0.0,0.13,0
2020-01-21,6.8,4.7,5.8,11.1,0.0,0.07,0
2020-01-22,6.2,4.0,5.2,15.1,0.0,0.03,0
2020-01-23,9.2,6.3,7.9,42.4,0.0,0.01,0
2020-01-24,8.9,5.7,7.5,19.7,0.0,0.0,0
2020-01-25,8.9,5.7,7.0,5.4,0.0,0.0,0
2020-01-26,9.2,5.6,7.1,7.9,0.0,0.0,0
2020-01-27,7.1,3.9,5.9,8.5,0.14,0.0,0
2020-01-28,8.6,4.8,6.1,1.2,0.0,0.0,0
2020-01-29,8.2,3.8,6.5,20.6,0.0,0.0,0
2020-01-30,8.6,4.2,5.9,11.7,0.0,0.0,0
2020-01-31,10.8,6.1,8.4,54.9,0.0,0.0,0
2020-02-01,9.7,2.5,6.9,19.0,0.0,0.0,0
2020-02-02,4.6,-0.5,2.1,5.1,0.84,0.0,1
2020-02-03,3.7,-0.5,1.3,1.8,0.84,0.02,1
2020-02-04,2.2,-0.7,0.6,17.3,11.55,0.04,1
2020-02-05,4.8,0.9,2.9,11.5,0.7,0.09,0
2020-02-06,4.3,1.6,2.9,6.4,0.0,0.08,0
2020-02-07,7.3,1.2,3.8,10.2,0.0,0.06,0
2020-02-08,6.3,1.3,4.4,6.2,0.0,0.03,0
2020-02-09,5.2,0.1,2.4,0.0,0.0,0.02,0
2020-02-10,5.8,-0.1,2.8,0.0,0.0,0.02,1
2020-02-11,6.8,1.0,4.2,1.3,0.0,0.02,0
2020-02-12,6.8,2.6,4.9,0.0,0.0,0.01,0
2020-02-13,6.3,2.1,4.0,8.9,0.0,0.01,0
2020-02-14,7.2,2.0,4.5,1.2,0.0,0.01,0
2020-02-15,6.9,3.8,4.8,12.4,0.0,0.01,0
2020-02-16,5.6,3.0,4.1,1.3,0.14,0.01,0
2020-02-17,5.4,0.1,2.9,0.0,0.0,0.01,0
2020-02-18,5.6,-1.0,2.2,0.0,0.0,0.01,1
2020-02-19,7.5,-1.1,3.3,0.0,0.0,0.0,1
2020-02-20,8.4,1.5,4.7,0.0,0.0,0.0,0
2020-02-21,9.2,-0.6,4.5,0.1,0.0,0.0,1
2020-02-22,6.5,2.8,4.6,9.7,0.0,0.01,0
2020-02-23,6.7,3.4,5.0,8.7,0.0,0.01,0
2020-02-24,5.9,1.7,4.3,0.0,0.0,0.01,0
2020-02-25,4.8,1.6,3.6,3.9,0.21,0.01,0
2020-02-26,8.2,2.3,5.3,1.3,0.0,0.0,0
2020-02-27,8.7,4.8,6.0,2.0,0.0,0.0,0
2020-02-28,7.6,3.7,5.0,6.9,0.0,0.0,0
2020-02-29,6.6,1.8,4.8,4.3,0.0,0.0,0
2020-03-01,5.8,0.4,3.2,0.5,0.0,0.0,0
2020-03-02,5.2,2.5,4.0,16.2,0.0,0.0,0
2020-03-03,7.7,4.5,6.1,4.3,0.0,0.0,0
2020-03-04,8.1,3.7,5.6,0.0,0.0,0.0,0
2020-03-05,7.3,4.4,5.8,6.9,0.0,0.0,0
2020-03-06,6.6,0.4,4.2,0.0,0.0,0.0,0
2020-03-07,6.4,-0.2,3.0,0.6,0.14,0.0,1
2020-03-08,5.2,-0.9,2.3,0.0,0.0,0.01,1
2020-03-09,5.9,-1.7,2.6,0.0,0.0,0.0,1
2020-03-10,5.1,1.5,3.5,6.0,0.42,0.01,0
2020-03-11,7.2,3.7,5.6,0.2,0.0,0.01,0
2020-03-12,6.1,-0.1,3.6,0.0,0.0,0.0,1
2020-03-13,7.1,1.4,3.9,0.0,0.0,0.0,0
2020-03-14,4.3,-2.4,0.2,0.0,0.0,0.0,1
2020-03-15,4.6,-3.5,0.7,0.0,0.0,0.0,1
2020-03-16,8.2,1.4,5.0,0.0,0.0,0.0,0
2020-03-17,9.1,-0.5,5.0,0.0,0.0,0.0,1
2020-03-18,9.8,1.1,5.3,0.0,0.0,0.0,0
2020-03-19,10.3,0.7,5.9,0.0,0.0,0.0,0
2020-03-20,10.6,1.6,6.5,0.0,0.0,0.0,0
2020-03-21,10.1,1.9,5.8,0.0,0.0,0.0,0
2020-03-22,9.9,2.8,6.2,0.0,0.0,0.0,0
2020-03-23,8.0,4.0,5.6,4.5,0.0,0.0,0
2020-03-24,6.9,2.5,4.4,4.2,0.0,0.0,0
2020-03-25,8.6,1.0,4.9,0.0,0.0,0.0,0
2020-03-26,6.8,2.7,4.9,2.7,0.0,0.0,0
2020-03-27,7.3,4.9,5.9,11.3,0.0,0.0,0
2020-03-28,8.2,6.1,7.1,19.2,0.0,0.0,0
2020-03-29,10.4,5.9,7.7,10.2,0.0,0.0,0
2020-03-30,7.9,3.0,6.1,9.2,0.0,0.0,0
2020-03-31,7.7,2.5,4.7,1.7,0.0,0.0,0
2020-04-01,7.1,1.2,4.3,1.0,0.0,0.0,0
2020-04-02,7.4,0.6,4.1,0.3,0.0,0.0,0
2020-04-03,7.2,1.9,4.3,1.3,0.0,0.0,0
2020-04-04,8.8,1.5,4.7,0.6,0.28,0.0,0
2020-04-05,9.1,2.8,5.9,0.0,0.0,0.0,0
2020-04-06,9.8,1.9,6.2,0.0,0.0,0.0,0
2020-04-07,9.1,3.0,6.6,0.0,0.0,0.0,0
2020-04-08,11.9,3.2,7.6,0.0,0.0,0.0,0
2020-04-09,12.0,3.9,8.4,0.0,0.0,0.0,0
2020-04-10,11.5,4.6,8.5,0.0,0.0,0.0,0
2020-04-11,12.4,5.9,9.0,0.1,0.0,0.0,0
2020-04-12,11.5,2.8,7.9,0.0,0.0,0.0,0
2020-04-13,12.5,3.1,8.5,0.0,0.0,0.0,0
2020-04-14,12.2,4.0,8.4,0.0,0.0,0.0,0
2020-04-15,14.3,5.5,9.7,0.0,0.0,0.0,0
2020-04-16,16.0,8.8,11.6,0.0,0.0,0.0,0
2020-04-17,13.1,5.6,10.1,0.0,0.0,0.0,0
2020-04-18,14.0,9.1,11.1,0.1,0.0,0.0,0
2020-04-19,13.8,7.8,10.3,0.3,0.0,0.0,0
2020-04-20,14.4,6.2,10.6,0.0,0.0,0.0,0
2020-04-21,12.2,8.1,10.0,1.0,0.0,0.0,0
2020-04-22,11.1,7.3,9.5,12.5,0.0,0.0,0
2020-04-23,13.8,7.0,10.7,0.4,0.0,0.0,0
2020-04-24,12.6,7.5,10.4,0.2,0.0,0.0,0
2020-04-25,13.6,8.8,11.3,7.6,0.0,0.0,0
2020-04-26,13.0,5.8,9.4,3.0,0.0,0.0,0
2020-04-27,13.3,8.1,10.6,7.7,0.0,0.0,0
2020-04-28,12.2,6.2,9.4,1.2,0.0,0.0,0
2020-04-29,15.9,6.1,10.5,5.2,0.0,0.0,0
2020-04-30,12.5,7.4,10.5,1.0,0.0,0.0,0
2020-05-01,14.5,7.8,11.1,0.7,0.0,0.0,0
2020-05-02,13.2,7.9,10.9,10.4,0.0,0.0,0
2020-05-03,11.1,4.8,8.3,3.1,0.0,0.0,0
2020-05-04,15.0,4.7,9.9,1.5,0.0,0.0,0
2020-05-05,15.8,6.9,11.9,0.9,0.0,0.0,0
2020-05-06,13.1,9.1,10.8,6.2,0.0,0.0,0
2020-05-07,14.7,5.5,10.5,0.0,0.0,0.0,0
2020-05-08,19.8,8.9,14.6,0.0,0.0,0.0,0
2020-05-09,20.8,11.3,17.1,0.0,0.0,0.0,0
2020-05-10,22.0,14.9,18.7,0.0,0.0,0.0,0
2020-05-11,20.9,13.5,17.3,0.0,0.0,0.0,0
2020-05-12,16.2,11.1,13.1,12.2,0.0,0.0,0
2020-05-13,15.1,10.9,12.3,2.8,0.0,0.0,0
2020-05-14,14.9,9.4,12.1,0.3,0.0,0.0,0
2020-05-15,16.2,8.8,12.4,0.0,0.0,0.0,0
2020-05-16,15.9,10.3,13.0,7.5,0.0,0.0,0
2020-05-17,15.4,10.9,12.9,12.7,0.0,0.0,0
2020-05-18,16.4,8.1,12.5,0.2,0.0,0.0,0
2020-05-19,15.7,9.8,13.0,0.0,0.0,0.0,0
2020-05-20,14.9,10.4,12.8,1.1,0.0,0.0,0
2020-05-21,13.6,10.4,11.5,0.7,0.0,0.0,0
2020-05-22,15.3,8.8,12.1,0.0,0.0,0.0,0
2020-05-23,14.8,8.8,11.9,2.7,0.0,0.0,0
2020-05-24,15.0,9.7,12.4,2.0,0.0,0.0,0
2020-05-25,15.8,11.8,13.2,14.8,0.0,0.0,0
2020-05-26,16.0,11.1,13.5,0.0,0.0,0.0,0
2020-05-27,17.5,8.4,13.6,0.0,0.0,0.0,0
2020-05-28,21.0,13.1,17.2,0.0,0.0,0.0,0
2020-05-29,18.6,12.4,16.0,0.1,0.0,0.0,0
2020-05-30,15.5,11.2,13.9,9.3,0.0,0.0,0
2020-05-31,15.8,10.3,12.7,2.4,0.0,0.0,0
2020-06-01,15.5,9.2,12.6,0.5,0.0,0.0,0
2020-06-02,13.4,9.9,11.6,4.9,0.0,0.0,0
2020-06-03,14.4,8.9,12.2,0.0,0.0,0.0,0
2020-06-04,15.9,9.4,12.8,3.5,0.0,0.0,0
2020-06-05,16.2,10.9,13.5,0.8,0.0,0.0,0
2020-06-06,14.6,10.3,12.3,7.0,0.0,0.0,0
2020-06-07,16.5,10.6,13.2,0.3,0.0,0.0,0
2020-06-08,15.6,10.4,13.1,1.4,0.0,0.0,0
2020-06-09,13.9,10.1,12.1,14.5,0.0,0.0,0
2020-06-10,18.5,12.3,15.0,4.4,0.0,0.0,0
2020-06-11,17.5,13.0,14.9,2.1,0.0,0.0,0
2020-06-12,14.6,11.6,13.5,11.8,0.0,0.0,0
2020-06-13,15.2,10.9,13.0,0.3,0.0,0.0,0
2020-06-14,14.9,10.1,12.8,1.2,0.0,0.0,0
2020-06-15,13.9,11.1,12.4,8.7,0.0,0.0,0
2020-06-16,15.8,9.9,12.9,0.1,0.0,0.0,0
2020-06-17,17.3,10.1,14.3,0.0,0.0,0.0,0
2020-06-18,18.2,10.8,14.8,0.0,0.0,0.0,0
2020-06-19,20.3,13.4,16.9,2.4,0.0,0.0,0
2020-06-20,18.3,15.4,16.4,15.5,0.0,0.0,0
2020-06-21,17.6,13.9,15.3,5.6,0.0,0.0,0
2020-06-22,18.6,11.7,15.4,0.0,0.0,0.0,0
2020-06-23,20.4,14.1,17.0,0.4,0.0,0.0,0
2020-06-24,18.8,15.4,17.0,6.9,0.0,0.0,0
2020-06-25,19.2,14.1,16.7,0.0,0.0,0.0,0
2020-06-26,19.1,13.4,16.3,1.1,0.0,0.0,0
2020-06-27,17.3,12.5,15.4,1.1,0.0,0.0,0
2020-06-28,19.8,10.4,15.1,0.4,0.0,0.0,0
2020-06-29,19.2,12.9,16.6,0.0,0.0,0.0,0
2020-06-30,16.9,12.9,14.9,2.9,0.0,0.0,0
2020-07-01,15.6,12.2,13.7,5.8,0.0,0.0,0
2020-07-02,16.6,13.1,14.4,3.0,0.0,0.0,0
2020-07-03,13.8,11.6,12.6,18.2,0.0,0.0,0
2020-07-04,16.9,10.4,13.9,0.2,0.0,0.0,0
2020-07-05,18.5,10.8,15.1,0.0,0.0,0.0,0
2020-07-06,18.2,12.4,15.7,0.6,0.0,0.0,0
2020-07-07,16.8,13.5,14.9,2.6,0.0,0.0,0
2020-07-08,18.2,12.6,15.4,0.3,0.0,0.0,0
2020-07-09,18.3,14.1,15.6,3.8,0.0,0.0,0
2020-07-10,19.2,12.6,16.0,0.0,0.0,0.0,0
2020-07-11,18.0,13.5,15.0,6.2,0.0,0.0,0
2020-07-12,17.2,12.8,14.9,1.6,0.0,0.0,0
2020-07-13,18.2,10.8,14.7,0.0,0.0,0.0,0
2020-07-14,19.2,11.3,16.0,0.0,0.0,0.0,0
2020-07-15,21.2,13.6,17.7,0.0,0.0,0.0,0
2020-07-16,23.0,15.1,18.9,0.2,0.0,0.0,0
2020-07-17,19.8,15.6,17.7,0.1,0.0,0.0,0
2020-07-18,20.4,13.2,17.3,0.0,0.0,0.0,0
2020-07-19,21.7,14.8,18.6,0.0,0.0,0.0,0
2020-07-20,24.6,17.5,20.4,0.0,0.0,0.0,0
2020-07-21,24.0,16.5,20.3,0.0,0.0,0.0,0
2020-07-22,20.9,15.9,18.3,0.3,0.0,0.0,0
2020-07-23,20.0,14.6,17.1,0.5,0.0,0.0,0
2020-07-24,19.1,13.7,16.5,2.2,0.0,0.0,0
2020-07-25,20.4,13.1,17.0,0.0,0.0,0.0,0
2020-07-26,24.6,14.6,20.1,0.0,0.0,0.0,0
2020-07-27,26.1,17.5,22.2,0.0,0.0,0.0,0
2020-07-28,23.4,16.6,19.9,0.0,0.0,0.0,0
2020-07-29,25.0,14.3,20.1,0.0,0.0,0.0,0
2020-07-30,29.1,15.6,22.5,0.0,0.0,0.0,0
2020-07-31,26.0,18.2,21.8,0.0,0.0,0.0,0
2020-08-01,22.2,15.0,18.9,0.0,0.0,0.0,0
2020-08-02,23.3,15.0,19.1,0.3,0.0,0.0,0
2020-08-03,22.2,15.6,19.2,0.1,0.0,0.0,0
2020-08-04,24.6,16.2,20.0,0.0,0.0,0.0,0
2020-08-05,24.9,15.3,20.2,0.0,0.0,0.0,0
2020-08-06,19.0,15.6,16.9,18.8,0.0,0.0,0
2020-08-07,17.0,14.4,15.5,5.1,0.0,0.0,0
2020-08-08,19.5,14.1,16.6,1.4,0.0,0.0,0
2020-08-09,19.6,12.4,16.3,0.0,0.0,0.0,0
2020-08-10,20.1,13.8,16.7,0.0,0.0,0.0,0
2020-08-11,19.0,13.6,16.3,0.0,0.0,0.0,0
2020-08-12,18.0,13.8,15.8,0.0,0.0,0.0,0
2020-08-13,19.0,11.6,15.8,0.0,0.0,0.0,0
2020-08-14,19.8,13.0,16.6,0.0,0.0,0.0,0
2020-08-15,24.5,14.4,19.6,0.0,0.0,0.0,0
2020-08-16,30.4,18.2,23.9,0.0,0.0,0.0,0
2020-08-17,26.0,19.4,23.1,0.0,0.0,0.0,0
2020-08-18,23.5,16.8,20.1,0.0,0.0,0.0,0
2020-08-19,23.0,15.6,19.2,0.0,0.0,0.0,0
2020-08-20,21.8,16.9,18.8,17.4,0.0,0.0,0
2020-08-21,18.5,15.6,17.6,21.7,0.0,0.0,0
2020-08-22,19.4,13.7,16.3,0.2,0.0,0.0,0
2020-08-23,18.5,12.5,16.1,0.0,0.0,0.0,0
2020-08-24,19.2,15.1,16.7,0.3,0.0,0.0,0
2020-08-25,19.1,13.3,16.1,0.0,0.0,0.0,0
2020-08-26,19.0,12.9,16.1,0.0,0.0,0.0,0
2020-08-27,20.0,12.2,16.3,0.0,0.0,0.0,0
2020-08-28,19.9,13.3,16.4,0.0,0.0,0.0,0
2020-08-29,18.5,13.4,15.7,0.0,0.0,0.0,0
2020-08-30,17.5,11.4,14.5,2.9,0.0,0.0,0
2020-08-31,17.5,12.2,14.8,0.0,0.0,0.0,0
2020-09-01,19.0,14.1,16.3,0.0,0.0,0.0,0
2020-09-02,19.5,14.7,16.8,0.0,0.0,0.0,0
2020-09-03,20.9,13.4,17.4,0.0,0.0,0.0,0
2020-09-04,24.2,16.5,19.4,0.0,0.0,0.0,0
2020-09-05,18.8,14.6,16.7,0.0,0.0,0.0,0
2020-09-06,19.6,14.1,16.6,0.0,0.0,0.0,0
2020-09-07,26.4,15.2,20.4,0.0,0.0,0.0,0
2020-09-08,23.6,15.5,20.0,0.0,0.0,0.0,0
2020-09-09,26.9,15.1,21.3,0.0,0.0,0.0,0
2020-09-10,26.6,15.4,21.7,0.0,0.0,0.0,0
2020-09-11,22.5,15.0,18.7,0.0,0.0,0.0,0
2020-09-12,19.4,13.1,16.2,0.0,0.0,0.0,0
2020-09-13,19.1,11.6,14.9,0.0,0.0,0.0,0
2020-09-14,18.8,12.6,15.6,9.4,0.0,0.0,0
2020-09-15,22.0,14.3,18.1,0.7,0.0,0.0,0
2020-09-16,22.4,15.9,18.8,2.8,0.0,0.0,0
2020-09-17,20.6,15.1,17.8,0.0,0.0,0.0,0
2020-09-18,17.5,14.9,15.9,8.1,0.0,0.0,0
2020-09-19,18.0,14.4,15.8,8.9,0.0,0.0,0
2020-09-20,18.1,13.1,15.2,0.0,0.0,0.0,0
2020-09-21,17.2,12.1,14.7,1.6,0.0,0.0,0
2020-09-22,18.4,13.9,15.7,1.2,0.0,0.0,0
2020-09-23,16.5,13.6,14.9,39.9,0.0,0.0,0
2020-09-24,17.2,12.6,14.1,10.5,0.0,0.0,0
2020-09-25,16.5,12.5,13.8,31.6,0.0,0.0,0
2020-09-26,13.9,10.1,12.3,5.8,0.0,0.0,0
2020-09-27,15.4,9.8,12.5,0.0,0.0,0.0,0
2020-09-28,17.6,11.4,14.3,0.0,0.0,0.0,0
2020-09-29,20.1,13.3,16.7,0.0,0.0,0.0,0
2020-09-30,20.3,13.4,16.4,0.0,0.0,0.0,0
2020-10-01,17.4,12.8,14.7,0.0,0.0,0.0,0
2020-10-02,18.6,12.4,15.3,0.0,0.0,0.0,0
2020-10-03,16.7,12.6,14.3,0.0,0.0,0.0,0
2020-10-04,14.8,12.4,13.4,0.2,0.0,0.0,0
2020-10-05,15.8,11.6,13.5,0.0,0.0,0.0,0
2020-10-06,16.3,12.1,14.0,0.0,0.0,0.0,0
2020-10-07,18.0,12.4,14.6,0.0,0.0,0.0,0
2020-10-08,16.2,12.9,14.3,1.0,0.0,0.0,0
2020-10-09,14.5,12.8,13.6,31.5,0.0,0.0,0
2020-10-10,13.6,9.6,12.2,15.9,0.0,0.0,0
2020-10-11,10.6,7.3,9.6,19.3,0.0,0.0,0
2020-10-12,12.0,9.1,10.3,1.8,0.0,0.0,0
2020-10-13,13.9,7.6,10.6,24.4,0.0,0.0,0
2020-10-14,12.9,9.9,11.1,0.0,0.0,0.0,0
2020-10-15,11.1,6.7,9.6,0.8,0.0,0.0,0
2020-10-16,14.6,9.1,11.1,15.8,0.0,0.0,0
2020-10-17,11.4,9.5,10.6,1.8,0.0,0.0,0
2020-10-18,11.9,7.9,10.2,13.0,0.0,0.0,0
2020-10-19,12.2,9.4,10.7,0.0,0.0,0.0,0
2020-10-20,11.1,7.7,9.6,0.7,0.0,0.0,0
2020-10-21,10.2,6.1,8.5,0.3,0.0,0.0,0
2020-10-22,9.4,4.4,7.3,0.2,0.0,0.0,0
2020-10-23,6.2,4.2,5.5,13.1,0.56,0.0,0
2020-10-24,8.8,1.0,4.4,0.0,0.0,0.0,0
2020-10-25,5.6,-1.2,2.2,0.0,0.0,0.0,1
2020-10-26,6.8,1.9,4.7,0.1,0.0,0.0,0
2020-10-27,8.4,4.2,6.4,4.9,0.0,0.0,0
2020-10-28,11.0,8.6,9.9,10.4,0.0,0.0,0
2020-10-29,12.1,9.1,10.5,1.1,0.0,0.0,0
2020-10-30,11.2,7.8,9.8,8.1,0.0,0.0,0
2020-10-31,9.9,3.5,7.0,0.0,0.0,0.0,0
2020-11-01,11.5,6.3,8.8,0.0,0.0,0.0,0
2020-11-02,13.4,5.4,8.9,0.0,0.0,0.0,0
2020-11-03,11.4,9.7,10.2,55.7,0.0,0.0,0
2020-11-04,13.6,10.4,12.3,31.7,0.0,0.0,0
2020-11-05,12.2,6.4,9.8,3.0,0.0,0.0,0
2020-11-06,8.6,5.8,7.0,0.0,0.0,0.0,0
2020-11-07,8.2,2.3,4.8,0.0,0.0,0.0,0
2020-11-08,7.3,1.5,4.4,0.0,0.0,0.0,0
2020-11-09,4.3,-0.4,2.4,6.2,2.03,0.0,1
2020-11-10,5.0,2.0,3.2,2.2,0.42,0.02,0
2020-11-11,5.1,-0.4,2.3,0.0,0.0,0.02,1
2020-11-12,4.9,3.1,3.8,20.7,0.0,0.02,0
2020-11-13,6.8,2.1,4.6,39.3,1.05,0.06,0
2020-11-14,6.8,3.3,4.7,9.4,0.35,0.04,0
2020-11-15,8.4,4.2,6.2,14.8,0.14,0.02,0
2020-11-16,8.1,4.8,6.1,24.4,0.0,0.01,0
2020-11-17,11.6,5.9,8.9,6.3,0.0,0.0,0
2020-11-18,8.6,5.7,6.8,27.4,0.0,0.0,0
2020-11-19,6.8,3.0,5.5,8.8,0.0,0.0,0
2020-11-20,7.6,5.0,6.2,12.3,0.0,0.0,0
2020-11-21,7.9,3.3,5.3,0.1,0.0,0.0,0
2020-11-22,7.6,2.8,5.0,1.0,0.0,0.0,0
2020-11-23,6.2,4.7,5.2,6.1,0.0,0.0,0
2020-11-24,7.5,3.5,5.9,21.0,0.0,0.0,0
2020-11-25,7.3,3.1,4.7,1.4,0.0,0.0,0
2020-11-26,6.8,1.5,4.8,3.9,0.0,0.0,0
2020-11-27,8.6,6.4,7.3,9.7,0.0,0.0,0
2020-11-28,7.7,2.6,5.6,0.0,0.0,0.0,0
2020-11-29,7.2,1.6,5.3,2.9,0.0,0.0,0
2020-11-30,7.8,5.2,6.4,15.9,0.0,0.0,0
2020-12-01,6.7,1.4,3.9,0.0,0.0,0.0,0
2020-12-02,8.2,1.6,4.6,0.0,0.0,0.0,0
2020-12-03,8.1,1.9,5.0,0.6,0.0,0.0,0
2020-12-04,8.6,4.7,6.5,0.0,0.0,0.0,0
2020-12-05,9.4,0.9,5.7,0.0,0.0,0.0,0
2020-12-06,8.1,5.7,7.0,0.7,0.0,0.0,0
2020-12-07,8.3,7.3,7.8,29.5,0.0,0.0,0
2020-12-08,9.5,6.6,8.3,18.4,0.0,0.0,0
2020-12-09,7.5,4.1,6.1,1.3,0.0,0.0,0
2020-12-10,5.7,3.2,4.4,0.4,0.0,0.0,0
2020-12-11,5.1,1.1,3.8,7.6,0.0,0.0,0
2020-12-12,3.8,-0.2,2.1,0.0,0.0,0.0,1
2020-12-13,4.8,2.0,3.3,10.4,0.35,0.0,0
2020-12-14,6.6,4.4,5.2,5.8,0.0,0.01,0
2020-12-15,7.3,4.5,6.0,11.1,0.0,0.01,0
2020-12-16,7.7,5.4,6.6,19.6,0.0,0.0,0
2020-12-17,7.4,4.8,6.5,6.2,0.0,0.0,0
2020-12-18,7.7,5.2,6.2,34.6,0.0,0.0,0
2020-12-19,8.2,5.7,6.7,19.0,0.0,0.0,0
2020-12-20,9.2,5.0,7.4,7.5,0.0,0.0,0
2020-12-21,4.8,1.4,3.1,34.7,8.61,0.02,0
2020-12-22,4.0,-0.2,1.5,0.0,0.0,0.03,1
2020-12-23,4.4,-1.6,1.4,0.0,0.0,0.03,1
2020-12-24,4.7,-2.3,1.4,0.0,0.0,0.03,1
2020-12-25,6.2,1.3,4.2,11.2,0.0,0.03,0
2020-12-26,6.8,3.0,5.6,10.1,0.0,0.01,0
2020-12-27,6.8,4.3,5.6,8.5,0.0,0.0,0
2020-12-28,6.8,2.4,4.8,2.3,0.0,0.0,0
2020-12-29,4.2,1.2,2.5,9.3,0.21,0.0,0
2020-12-30,5.2,2.3,4.2,34.4,0.14,0.02,0
2020-12-31,7.8,4.9,6.1,10.2,0.0,0.01,0
2021-01-01,8.8,6.3,7.2,22.0,0.0,0.0,0
2021-01-02,7.8,6.3,7.1,40.1,0.0,0.0,0
2021-01-03,7.7,1.2,5.0,5.6,0.0,0.01,0
2021-01-04,6.8,4.5,6.0,24.8,0.0,0.0,0
2021-01-05,6.6,1.9,4.5,17.7,0.0,0.0,0
2021-01-06,6.9,4.1,5.9,4.6,0.0,0.0,0
2021-01-07,9.1,1.9,5.0,0.0,0.0,0.0,0
2021-01-08,5.9,1.5,4.3,9.4,0.0,0.01,0
2021-01-09,6.2,1.9,4.1,0.7,0.0,0.01,0
2021-01-10,7.8,4.3,6.1,4.7,0.0,0.0,0
2021-01-11,8.6,6.3,7.4,16.6,0.0,0.0,0
2021-01-12,10.4,6.7,8.4,33.0,0.0,0.0,0
2021-01-13,10.4,2.9,6.2,5.6,0.0,0.0,0
2021-01-14,9.2,3.1,5.8,0.9,0.0,0.0,0
2021-01-15,9.1,3.7,6.4,3.7,0.0,0.0,0
2021-01-16,7.2,2.5,4.9,1.4,0.0,0.0,0
2021-01-17,7.8,3.3,5.4,5.3,0.0,0.0,0
2021-01-18,6.8,1.7,4.1,0.0,0.0,0.0,0
2021-01-19,6.2,0.3,3.8,0.0,0.0,0.0,0
2021-01-20,6.3,3.4,4.6,0.0,0.0,0.0,0
2021-01-21,6.8,2.5,5.0,0.0,0.0,0.0,0
2021-01-22,5.7,-1.5,2.0,0.0,0.0,0.0,1
2021-01-23,3.6,-3.3,0.4,0.0,0.0,0.0,1
2021-01-24,2.5,1.2,1.7,12.4,3.57,0.01,0
2021-01-25,4.0,0.9,2.0,13.2,2.87,0.04,0
2021-01-26,6.9,0.9,3.3,1.5,0.35,0.04,0
2021-01-27,4.1,1.3,2.2,4.0,1.96,0.05,0
2021-01-28,4.7,0.9,3.0,1.1,0.0,0.05,0
2021-01-29,6.8,0.1,3.5,0.6,0.0,0.04,0
2021-01-30,6.0,3.7,4.9,5.6,0.0,0.03,0
2021-01-31,6.4,5.1,5.8,19.6,0.0,0.01,0
2021-02-01,6.8,4.9,6.0,23.9,0.0,0.0,0
2021-02-02,5.7,3.2,4.5,14.2,0.0,0.0,0
2021-02-03,6.6,3.0,4.4,0.6,0.0,0.0,0
2021-02-04,4.9,3.0,4.0,8.6,0.0,0.0,0
2021-02-05,7.2,4.1,5.4,2.6,0.0,0.0,0
2021-02-06,6.4,3.9,4.9,4.7,0.0,0.0,0
2021-02-07,5.8,1.6,3.9,0.1,0.0,0.0,0
2021-02-08,3.2,-1.1,0.9,0.0,0.0,0.01,1
2021-02-09,3.0,-2.8,-0.8,0.0,0.0,0.01,1
2021-02-10,0.9,-2.8,-1.6,0.4,0.28,0.01,1
2021-02-11,0.4,-4.8,-3.0,0.0,0.0,0.01,1
2021-02-12,0.8,-6.2,-3.2,0.0,0.0,0.01,1
2021-02-13,-0.8,-3.2,-1.9,9.3,6.58,0.04,0
2021-02-14,1.5,-1.7,0.1,5.4,3.22,0.07,1
2021-02-15,3.7,0.5,1.6,15.1,4.48,0.11,0
2021-02-16,6.8,1.1,4.4,0.1,0.0,0.1,0
2021-02-17,6.7,-0.8,3.0,0.0,0.0,0.07,1
2021-02-18,4.6,2.0,3.0,7.7,1.33,0.06,0
2021-02-19,6.3,0.9,3.5,4.3,0.0,0.06,0
2021-02-20,6.7,0.2,3.8,3.4,0.0,0.05,0
2021-02-21,9.1,3.8,6.8,13.5,0.0,0.03,0
2021-02-22,8.1,4.4,6.7,2.9,0.0,0.01,0
2021-02-23,5.6,0.9,3.9,0.7,0.07,0.0,0
2021-02-24,5.6,-0.2,2.8,0.9,0.07,0.0,1
2021-02-25,8.1,1.1,4.5,11.5,4.13,0.03,0
2021-02-26,7.1,3.2,4.7,1.0,0.0,0.02,0
2021-02-27,6.2,-0.3,3.0,0.1,0.0,0.01,1
2021-02-28,6.2,2.7,4.4,5.9,0.0,0.01,0
2021-03-01,10.1,5.4,7.3,0.2,0.0,0.0,0
2021-03-02,6.6,2.2,4.3,0.0,0.0,0.0,0
2021-03-03,10.3,3.0,5.5,0.0,0.0,0.0,0
2021-03-04,11.4,1.8,6.3,2.3,0.0,0.0,0
2021-03-05,9.3,4.8,7.1,9.4,0.0,0.0,0
2021-03-06,8.8,4.0,5.9,5.2,0.0,0.0,0
2021-03-07,6.6,2.7,5.1,6.3,0.56,0.01,0
2021-03-08,9.6,1.0,5.2,0.0,0.0,0.01,0
2021-03-09,10.3,3.5,6.8,0.4,0.0,0.01,0
2021-03-10,7.8,1.4,4.4,0.0,0.0,0.0,0
2021-03-11,8.4,0.1,4.3,0.0,0.0,0.0,0
2021-03-12,9.9,1.6,5.7,0.0,0.0,0.0,0
2021-03-13,12.5,3.2,7.8,0.0,0.0,0.0,0
2021-03-14,7.9,3.2,6.3,5.0,0.0,0.0,0
2021-03-15,6.1,-0.2,3.0,0.0,0.0,0.0,1
2021-03-16,6.8,-0.8,3.5,0.0,0.0,0.0,1
2021-03-17,10.7,1.6,6.3,0.0,0.0,0.0,0
2021-03-18,11.0,3.6,6.6,9.6,0.0,0.0,0
2021-03-19,10.4,4.9,7.0,7.1,0.0,0.0,0
2021-03-20,8.0,5.0,6.1,3.9,0.0,0.0,0
2021-03-21,5.8,4.8,5.2,13.2,0.0,0.01,0
2021-03-22,7.9,3.3,5.6,1.5,0.0,0.02,0
2021-03-23,8.4,1.5,5.2,0.0,0.0,0.01,0
2021-03-24,6.7,4.7,5.5,11.2,0.0,0.01,0
2021-03-25,8.6,3.8,6.1,0.2,0.0,0.01,0
2021-03-26,9.2,2.3,6.0,0.0,0.0,0.0,0
2021-03-27,9.1,3.8,6.4,0.7,0.0,0.0,0
2021-03-28,7.3,4.3,6.0,11.5,0.0,0.0,0
2021-03-29,7.9,2.0,5.3,0.0,0.0,0.0,0
2021-03-30,7.6,0.1,4.3,0.0,0.0,0.0,0
2021-03-31,10.2,0.9,6.1,0.0,0.0,0.0,0
2021-04-01,10.2,4.6,7.2,0.1,0.0,0.0,0
2021-04-02,9.4,4.1,6.3,0.0,0.0,0.0,0
2021-04-03,9.1,4.7,6.9,2.5,0.0,0.0,0
2021-04-04,8.1,3.3,6.0,0.0,0.0,0.0,0
2021-04-05,8.6,0.6,4.9,0.0,0.0,0.0,0
2021-04-06,10.3,1.9,6.4,0.0,0.0,0.0,0
2021-04-07,6.7,4.4,5.7,8.4,0.0,0.0,0
2021-04-08,8.5,3.2,5.7,0.0,0.0,0.0,0
2021-04-09,5.9,1.6,4.6,5.0,0.0,0.0,0
2021-04-10,7.5,2.2,4.8,0.1,0.0,0.0,0
2021-04-11,8.0,-0.6,4.3,0.0,0.0,0.0,1
2021-04-12,11.6,2.0,7.1,0.0,0.0,0.0,0
2021-04-13,13.1,3.8,8.7,0.0,0.0,0.0,0
2021-04-14,15.4,4.2,10.1,0.0,0.0,0.0,0
2021-04-15,17.6,8.4,13.0,0.0,0.0,0.0,0
2021-04-16,18.5,7.8,13.7,0.0,0.0,0.0,0
2021-04-17,18.5,7.3,14.6,0.0,0.0,0.0,0
2021-04-18,16.6,8.7,13.3,0.0,0.0,0.0,0
2021-04-19,19.3,9.9,14.1,0.0,0.0,0.0,0
2021-04-20,16.5,5.6,12.3,0.0,0.0,0.0,0
2021-04-21,14.9,6.8,11.0,0.0,0.0,0.0,0
2021-04-22,14.4,6.1,10.4,0.0,0.0,0.0,0
2021-04-23,13.1,8.2,10.4,0.9,0.0,0.0,0
2021-04-24,9.8,7.7,8.6,13.8,0.0,0.0,0
2021-04-25,10.6,7.1,8.4,9.5,0.0,0.0,0
2021-04-26,11.9,6.3,9.2,0.4,0.0,0.0,0
2021-04-27,12.8,6.8,9.6,0.0,0.0,0.0,0
2021-04-28,13.8,7.9,10.5,4.4,0.0,0.0,0
2021-04-29,16.7,7.5,12.2,0.0,0.0,0.0,0
2021-04-30,15.1,10.1,11.9,20.1,0.0,0.0,0
2021-05-01,13.4,8.5,10.7,0.2,0.0,0.0,0
2021-05-02,13.1,5.8,9.5,0.0,0.0,0.0,0
2021-05-03,10.9,7.4,9.3,1.3,0.0,0.0,0
2021-05-04,14.1,7.6,10.6,0.0,0.0,0.0,0
2021-05-05,15.5,5.9,10.8,0.0,0.0,0.0,0
2021-05-06,16.4,8.6,12.8,2.9,0.0,0.0,0
2021-05-07,11.7,6.6,9.0,1.5,0.0,0.0,0
2021-05-08,11.6,7.6,9.4,0.1,0.0,0.0,0
2021-05-09,12.6,6.3,9.8,0.0,0.0,0.0,0
2021-05-10,13.4,6.0,10.3,0.1,0.0,0.0,0
2021-05-11,16.9,6.2,11.7,0.0,0.0,0.0,0
2021-05-12,15.7,10.1,12.0,5.0,0.0,0.0,0
2021-05-13,17.2,9.9,13.5,0.0,0.0,0.0,0
2021-05-14,16.5,9.1,13.4,0.0,0.0,0.0,0
2021-05-15,17.4,9.8,13.7,0.0,0.0,0.0,0
2021-05-16,18.0,9.6,14.2,0.0,0.0,0.0,0
2021-05-17,14.6,9.7,12.4,12.1,0.0,0.0,0
2021-05-18,12.6,7.3,10.0,8.7,0.0,0.0,0
2021-05-19,12.7,6.7,9.8,0.5,0.0,0.0,0
2021-05-20,15.4,5.9,10.9,0.0,0.0,0.0,0
2021-05-21,15.3,7.3,11.6,0.0,0.0,0.0,0
2021-05-22,16.0,7.3,12.3,0.0,0.0,0.0,0
2021-05-23,15.1,11.4,13.0,0.4,0.0,0.0,0
2021-05-24,13.4,11.1,12.2,4.2,0.0,0.0,0
2021-05-25,16.0,10.6,13.3,0.4,0.0,0.0,0
2021-05-26,13.6,11.1,12.2,1.2,0.0,0.0,0
2021-05-27,13.2,9.9,11.7,22.6,0.0,0.0,0
2021-05-28,14.9,9.5,12.0,0.6,0.0,0.0,0
2021-05-29,16.9,6.9,12.3,0.0,0.0,0.0,0
2021-05-30,15.8,9.2,13.0,0.3,0.0,0.0,0
2021-05-31,18.5,11.6,15.6,0.0,0.0,0.0,0
2021-06-01,23.0,12.6,18.2,0.0,0.0,0.0,0
2021-06-02,24.0,16.1,20.0,0.0,0.0,0.0,0
2021-06-03,20.4,14.1,17.4,0.0,0.0,0.0,0
2021-06-04,17.3,11.1,14.2,2.0,0.0,0.0,0
2021-06-05,14.9,10.8,12.8,9.2,0.0,0.0,0
2021-06-06,11.3,8.5,10.1,9.3,0.0,0.0,0
2021-06-07,13.7,7.9,10.8,2.1,0.0,0.0,0
2021-06-08,15.6,8.0,12.6,0.0,0.0,0.0,0
2021-06-09,15.3,9.6,12.5,2.3,0.0,0.0,0
2021-06-10,15.1,10.1,12.6,1.5,0.0,0.0,0
2021-06-11,16.6,9.9,13.1,3.5,0.0,0.0,0
2021-06-12,19.5,10.9,14.9,0.9,0.0,0.0,0
2021-06-13,19.9,13.6,15.4,16.0,0.0,0.0,0
2021-06-14,18.3,13.8,15.4,5.2,0.0,0.0,0
2021-06-15,17.0,12.6,14.8,7.1,0.0,0.0,0
2021-06-16,17.2,12.2,15.0,0.3,0.0,0.0,0
2021-06-17,20.4,10.6,15.8,0.0,0.0,0.0,0
2021-06-18,18.7,12.4,15.8,0.0,0.0,0.0,0
2021-06-19,19.0,12.4,15.6,0.0,0.0,0.0,0
2021-06-20,23.6,13.3,18.5,0.0,0.0,0.0,0
2021-06-21,24.0,16.8,20.2,0.0,0.0,0.0,0
2021-06-22,22.8,16.1,19.4,0.0,0.0,0.0,0
2021-06-23,20.1,13.9,17.5,0.0,0.0,0.0,0
2021-06-24,22.6,15.3,19.0,0.0,0.0,0.0,0
2021-06-25,27.2,17.2,22.1,0.0,0.0,0.0,0
2021-06-26,32.5,20.3,26.0,0.0,0.0,0.0,0
2021-06-27,34.3,22.7,28.5,0.0,0.0,0.0,0
2021-06-28,36.3,24.7,30.9,0.0,0.0,0.0,0
2021-06-29,31.7,21.8,27.2,0.0,0.0,0.0,0
2021-06-30,23.6,18.0,21.1,0.0,0.0,0.0,0
2021-07-01,21.7,17.0,19.1,0.0,0.0,0.0,0
2021-07-02,22.1,17.2,19.3,0.0,0.0,0.0,0
2021-07-03,22.6,16.4,19.6,0.0,0.0,0.0,0
2021-07-04,22.6,15.7,19.9,0.0,0.0,0.0,0
2021-07-05,22.1,16.4,19.5,0.0,0.0,0.0,0
2021-07-06,23.2,15.5,19.6,0.0,0.0,0.0,0
2021-07-07,20.4,16.0,18.3,0.0,0.0,0.0,0
2021-07-08,20.2,13.9,17.3,0.0,0.0,0.0,0
2021-07-09,23.1,15.0,19.2,0.0,0.0,0.0,0
2021-07-10,22.9,15.9,19.5,0.0,0.0,0.0,0
2021-07-11,22.5,14.2,18.9,0.0,0.0,0.0,0
2021-07-12,23.9,15.1,19.8,0.0,0.0,0.0,0
2021-07-13,23.3,15.1,19.7,0.0,0.0,0.0,0
2021-07-14,22.5,14.5,18.6,0.0,0.0,0.0,0
2021-07-15,21.0,13.9,17.3,0.0,0.0,0.0,0
2021-07-16,19.4,13.1,16.3,0.0,0.0,0.0,0
2021-07-17,21.5,14.2,17.8,0.0,0.0,0.0,0
2021-07-18,22.8,14.7,18.7,0.0,0.0,0.0,0
2021-07-19,24.0,15.1,20.0,0.0,0.0,0.0,0
2021-07-20,21.6,15.4,18.7,0.0,0.0,0.0,0
2021-07-21,20.4,12.9,17.0,0.6,0.0,0.0,0
2021-07-22,21.1,14.2,17.7,0.2,0.0,0.0,0
2021-07-23,22.0,14.1,18.3,0.0,0.0,0.0,0
2021-07-24,23.8,15.6,20.0,0.0,0.0,0.0,0
2021-07-25,23.3,15.8,20.2,0.0,0.0,0.0,0
2021-07-26,24.5,15.4,20.1,0.0,0.0,0.0,0
2021-07-27,24.1,16.5,20.6,0.0,0.0,0.0,0
2021-07-28,24.9,15.9,20.6,0.0,0.0,0.0,0
2021-07-29,26.5,16.2,21.7,0.0,0.0,0.0,0
2021-07-30,29.6,18.0,24.0,0.0,0.0,0.0,0
2021-07-31,26.9,19.0,22.9,0.0,0.0,0.0,0
2021-08-01,26.5,17.9,22.0,0.0,0.0,0.0,0
2021-08-02,25.1,17.0,20.9,0.0,0.0,0.0,0
2021-08-03,26.4,18.4,22.2,0.0,0.0,0.0,0
2021-08-04,26.3,16.0,21.1,0.0,0.0,0.0,0
2021-08-05,25.6,17.3,21.9,0.1,0.0,0.0,0
2021-08-06,22.0,18.1,20.1,1.0,0.0,0.0,0
2021-08-07,19.9,15.1,17.0,15.2,0.0,0.0,0
2021-08-08,19.6,14.8,17.2,0.6,0.0,0.0,0
2021-08-09,20.4,14.5,17.6,0.1,0.0,0.0,0
2021-08-10,22.5,16.1,19.1,0.0,0.0,0.0,0
2021-08-11,24.4,16.9,21.1,0.0,0.0,0.0,0
2021-08-12,29.9,19.4,24.4,0.0,0.0,0.0,0
2021-08-13,30.5,21.2,25.3,0.0,0.0,0.0,0
2021-08-14,26.5,18.5,22.6,0.0,0.0,0.0,0
2021-08-15,24.1,16.8,21.0,0.0,0.0,0.0,0
2021-08-16,20.4,16.6,17.6,8.0,0.0,0.0,0
2021-08-17,20.4,14.2,17.0,3.7,0.0,0.0,0
2021-08-18,18.8,13.1,16.6,0.0,0.0,0.0,0
2021-08-19,21.5,15.4,18.0,0.0,0.0,0.0,0
2021-08-20,17.4,15.6,16.5,4.9,0.0,0.0,0
2021-08-21,19.6,15.4,17.0,0.6,0.0,0.0,0
2021-08-22,18.1,12.7,15.8,1.0,0.0,0.0,0
2021-08-23,18.0,11.9,15.0,0.3,0.0,0.0,0
2021-08-24,21.5,13.4,17.3,0.0,0.0,0.0,0
2021-08-25,22.5,11.4,17.5,0.0,0.0,0.0,0
2021-08-26,17.2,14.8,15.8,4.8,0.0,0.0,0
2021-08-27,18.4,13.9,15.9,3.5,0.0,0.0,0
2021-08-28,19.8,12.2,16.1,0.0,0.0,0.0,0
2021-08-29,20.5,12.6,16.7,0.0,0.0,0.0,0
2021-08-30,18.2,12.1,15.1,0.4,0.0,0.0,0
2021-08-31,15.9,12.6,14.4,0.3,0.0,0.0,0
2021-09-01,18.5,10.9,14.6,0.0,0.0,0.0,0
2021-09-02,22.0,11.9,17.3,0.0,0.0,0.0,0
2021-09-03,20.6,11.4,16.2,0.0,0.0,0.0,0
2021-09-04,20.1,12.9,15.5,14.3,0.0,0.0,0
2021-09-05,18.2,14.0,16.0,1.0,0.0,0.0,0
2021-09-06,18.8,14.7,16.4,0.1,0.0,0.0,0
2021-09-07,20.8,13.4,17.5,0.0,0.0,0.0,0
2021-09-08,21.3,15.8,18.3,2.0,0.0,0.0,0
2021-09-09,22.0,17.0,18.9,0.0,0.0,0.0,0
2021-09-10,19.8,15.4,17.1,0.9,0.0,0.0,0
2021-09-11,16.1,13.6,14.8,3.4,0.0,0.0,0
2021-09-12,18.1,13.4,15.2,1.6,0.0,0.0,0
2021-09-13,17.4,11.4,14.0,0.0,0.0,0.0,0
2021-09-14,13.9,12.0,13.1,11.7,0.0,0.0,0
2021-09-15,15.5,11.4,13.4,0.1,0.0,0.0,0
2021-09-16,15.5,9.4,12.8,0.0,0.0,0.0,0
2021-09-17,14.4,10.8,12.5,72.1,0.0,0.0,0
2021-09-18,15.8,11.6,13.8,14.0,0.0,0.0,0
2021-09-19,14.7,11.1,12.6,8.3,0.0,0.0,0
2021-09-20,15.4,11.1,13.2,1.1,0.0,0.0,0
2021-09-21,18.5,10.8,14.4,0.0,0.0,0.0,0
2021-09-22,16.0,12.7,14.0,1.7,0.0,0.0,0
2021-09-23,15.9,11.3,13.7,0.0,0.0,0.0,0
2021-09-24,18.8,11.0,15.0,0.0,0.0,0.0,0
2021-09-25,19.8,10.9,15.3,0.0,0.0,0.0,0
2021-09-26,14.1,12.2,13.0,27.0,0.0,0.0,0
2021-09-27,14.4,10.7,12.7,15.8,0.0,0.0,0
2021-09-28,14.6,10.8,12.4,6.5,0.0,0.0,0
2021-09-29,12.1,9.8,10.9,29.8,0.0,0.0,0
2021-09-30,13.0,9.9,12.2,29.2,0.0,0.0,0
2021-10-01,14.1,9.2,11.4,0.0,0.0,0.0,0
2021-10-02,14.4,8.8,11.5,0.1,0.0,0.0,0
2021-10-03,12.8,9.8,11.6,1.9,0.0,0.0,0
2021-10-04,13.4,8.9,11.1,0.2,0.0,0.0,0
2021-10-05,13.0,8.4,11.0,10.5,0.0,0.0,0
2021-10-06,11.1,7.4,9.1,13.9,0.0,0.0,0
2021-10-07,11.3,5.8,8.7,0.2,0.0,0.0,0
2021-10-08,11.9,6.4,9.6,0.0,0.0,0.0,0
2021-10-09,10.6,6.3,8.9,19.5,0.0,0.0,0
2021-10-10,10.8,8.4,9.8,0.4,0.0,0.0,0
2021-10-11,10.0,5.2,7.8,0.0,0.0,0.0,0
2021-10-12,8.1,4.2,5.9,7.9,0.0,0.0,0
2021-10-13,9.7,5.7,7.5,1.7,0.0,0.0,0
2021-10-14,10.1,7.2,8.6,2.9,0.0,0.0,0
2021-10-15,11.1,8.8,10.3,43.3,0.0,0.0,0
2021-10-16,13.5,10.8,11.7,76.7,0.0,0.0,0
2021-10-17,12.4,8.4,10.8,10.1,0.0,0.0,0
2021-10-18,11.2,5.9,8.9,0.4,0.0,0.0,0
2021-10-19,15.1,5.6,9.5,0.0,0.0,0.0,0
2021-10-20,12.4,9.1,10.5,14.1,0.0,0.0,0
2021-10-21,17.0,10.8,13.2,10.9,0.0,0.0,0
2021-10-22,12.1,8.2,10.6,15.7,0.0,0.0,0
2021-10-23,10.8,7.9,9.4,11.0,0.0,0.0,0
2021-10-24,13.5,9.6,11.2,7.7,0.0,0.0,0
2021-10-25,11.4,9.5,10.1,15.9,0.0,0.0,0
2021-10-26,10.5,8.4,9.3,10.8,0.0,0.0,0
2021-10-27,11.4,7.2,9.1,1.0,0.0,0.0,0
2021-10-28,9.7,7.6,8.3,23.1,0.0,0.0,0
2021-10-29,9.2,5.6,7.6,0.0,0.0,0.0,0
2021-10-30,9.2,4.0,6.6,0.0,0.0,0.0,0
2021-10-31,9.6,4.7,7.0,0.0,0.0,0.0,0
2021-11-01,10.6,2.0,6.9,9.6,0.0,0.0,0
2021-11-02,11.3,7.0,8.8,14.8,0.0,0.0,0
2021-11-03,12.1,9.3,10.8,22.6,0.0,0.0,0
2021-11-04,11.9,9.1,10.8,23.6,0.0,0.0,0
2021-11-05,9.3,4.8,7.5,10.1,0.0,0.0,0
2021-11-06,6.9,3.9,5.3,23.0,1.61,0.0,0
2021-11-07,6.1,4.3,5.2,10.0,0.0,0.01,0
2021-11-08,9.8,3.2,6.5,4.7,0.21,0.01,0
2021-11-09,8.4,6.4,7.2,12.1,0.0,0.0,0
2021-11-10,7.3,3.0,5.5,0.2,0.0,0.0,0
2021-11-11,10.1,5.8,7.8,27.9,0.0,0.0,0
2021-11-12,10.6,4.2,9.3,10.8,0.0,0.0,0
2021-11-13,7.6,3.5,5.7,23.7,0.0,0.0,0
2021-11-14,11.2,6.8,9.1,64.7,0.0,0.0,0
2021-11-15,11.4,5.3,8.4,59.8,0.0,0.0,0
2021-11-16,6.9,2.0,5.0,0.0,0.0,0.0,0
2021-11-17,6.5,1.1,3.7,0.0,0.0,0.0,0
2021-11-18,6.7,4.0,4.8,9.7,0.0,0.0,0
2021-11-19,6.7,2.7,4.7,0.9,0.0,0.0,0
2021-11-20,6.8,2.5,4.9,0.2,0.0,0.0,0
2021-11-21,7.3,3.8,5.7,0.6,0.0,0.0,0
2021-11-22,5.9,2.2,4.7,7.9,0.0,0.0,0
2021-11-23,7.1,4.2,5.8,1.0,0.0,0.0,0
2021-11-24,6.1,2.8,4.8,4.3,0.0,0.0,0
2021-11-25,6.6,4.8,5.8,40.9,0.28,0.0,0
2021-11-26,8.7,5.3,6.9,2.6,0.0,0.0,0
2021-11-27,10.1,6.6,8.2,31.8,0.0,0.0,0
2021-11-28,10.9,7.9,9.9,37.7,0.0,0.0,0
2021-11-29,10.9,7.7,9.1,12.8,0.0,0.0,0
2021-11-30,9.9,7.8,9.0,31.2,0.0,0.0,0
2021-12-01,11.1,8.4,10.4,26.1,0.0,0.0,0
2021-12-02,8.1,2.7,6.1,0.0,0.0,0.0,0
2021-12-03,5.3,-0.6,2.7,0.0,0.0,0.0,1
2021-12-04,4.3,1.3,2.8,2.8,0.14,0.01,0
2021-12-05,3.7,-1.7,1.4,0.2,0.14,0.01,1
2021-12-06,4.1,0.5,1.9,9.3,5.46,0.04,0
2021-12-07,5.6,3.5,4.5,4.9,0.0,0.05,0
2021-12-08,7.0,1.7,4.8,1.0,0.0,0.02,0
2021-12-09,4.3,0.2,2.2,1.3,0.21,0.02,0
2021-12-10,5.9,-0.3,2.5,18.3,0.0,0.03,1
2021-12-11,6.7,1.5,5.2,18.1,0.0,0.03,0
2021-12-12,3.2,1.4,2.2,19.3,10.01,0.05,0
2021-12-13,4.2,1.1,3.0,9.2,2.52,0.09,0
2021-12-14,3.0,0.8,2.1,8.8,3.43,0.13,0
2021-12-15,7.0,2.4,4.1,0.9,0.0,0.11,0
2021-12-16,5.2,0.0,3.2,1.3,0.0,0.1,0
2021-12-17,2.9,-2.0,1.0,2.5,1.33,0.09,1
2021-12-18,5.9,1.5,3.1,34.9,7.42,0.14,0
2021-12-19,5.5,-0.1,2.5,1.0,0.21,0.14,1
2021-12-20,1.8,-2.4,-0.6,0.0,0.0,0.13,1
2021-12-21,2.7,-3.8,-0.3,7.8,1.47,0.13,1
2021-12-22,6.9,1.8,4.9,26.5,0.0,0.1,0
2021-12-23,5.8,0.6,3.1,2.1,0.0,0.05,0
2021-12-24,2.1,0.2,1.2,22.2,14.14,0.07,0
2021-12-25,0.8,-4.1,-1.8,2.7,1.89,0.1,1
2021-12-26,-4.2,-8.1,-6.2,0.3,0.21,0.12,0
2021-12-27,-7.4,-13.8,-9.8,0.5,0.35,0.12,0
2021-12-28,-3.5,-9.8,-6.3,0.0,0.0,0.13,0
2021-12-29,-2.4,-7.8,-5.6,0.3,0.21,0.13,0
2021-12-30,-0.2,-8.6,-3.5,7.9,5.53,0.17,0
2021-12-31,-3.8,-13.0,-7.8,0.0,0.0,0.18,0
2022-01-01,1.3,-10.6,-4.1,0.6,0.42,0.18,1
2022-01-02,3.4,0.7,2.3,40.5,20.79,0.23,0
2022-01-03,3.5,-1.5,1.7,21.6,10.36,0.31,1
2022-01-04,3.0,0.2,1.1,13.3,7.56,0.36,0
2022-01-05,1.4,-1.9,-0.3,1.5,1.05,0.39,1
2022-01-06,3.8,-2.5,1.0,26.5,7.42,0.45,1
2022-01-07,3.7,-0.3,1.7,13.1,0.0,0.41,1
2022-01-08,2.5,-2.6,0.2,5.7,2.31,0.4,1
2022-01-09,6.4,-0.9,2.4,0.1,0.0,0.4,1
2022-01-10,6.9,-1.0,3.9,9.0,0.91,0.37,1
2022-01-11,8.0,5.4,6.9,25.3,0.0,0.29,0
2022-01-12,10.9,7.4,8.8,29.0,0.0,0.19,0
2022-01-13,11.1,4.5,7.7,11.5,0.0,0.16,0
2022-01-14,8.6,3.0,5.9,0.0,0.0,0.14,0
2022-01-15,6.9,2.1,4.6,1.8,0.0,0.13,0
2022-01-16,7.0,2.7,4.4,0.0,0.0,0.13,0
2022-01-17,5.1,2.2,3.9,2.7,0.0,0.12,0
2022-01-18,6.9,4.7,5.8,2.9,0.0,0.11,0
2022-01-19,9.1,5.4,6.6,7.5,0.0,0.1,0
2022-01-20,8.9,4.4,6.8,18.3,0.0,0.08,0
2022-01-21,7.1,2.7,4.6,0.0,0.0,0.07,0
2022-01-22,5.8,1.8,3.3,0.0,0.0,0.07,0
2022-01-23,4.8,-0.3,2.3,0.2,0.0,0.06,1
2022-01-24,6.3,-0.6,2.2,0.0,0.0,0.06,1
2022-01-25,5.7,-0.7,1.9,0.0,0.0,0.06,1
2022-01-26,5.8,0.3,2.5,0.0,0.0,0.05,0
2022-01-27,6.9,-0.1,3.4,0.0,0.0,0.05,1
2022-01-28,8.4,-0.9,2.6,0.0,0.0,0.04,1
2022-01-29,5.7,-0.2,2.8,6.1,0.0,0.04,1
2022-01-30,6.0,3.5,4.5,17.9,0.0,0.03,0
2022-01-31,5.6,2.8,4.0,0.0,0.0,0.02,0
2022-02-01,4.6,0.1,2.6,0.0,0.0,0.02,0
2022-02-02,1.6,-1.1,0.6,5.3,3.08,0.02,1
2022-02-03,4.3,1.2,2.8,6.0,0.07,0.04,0
2022-02-04,6.8,4.0,4.9,10.5,0.28,0.02,0
2022-02-05,6.7,4.3,5.6,0.2,0.0,0.02,0
2022-02-06,9.4,1.9,4.9,0.0,0.0,0.01,0
2022-02-07,9.0,3.0,5.5,5.1,0.63,0.01,0
2022-02-08,6.1,1.5,4.5,3.8,0.0,0.01,0
2022-02-09,7.6,4.2,5.9,0.4,0.0,0.01,0
2022-02-10,7.3,3.7,5.5,0.0,0.0,0.0,0
2022-02-11,8.6,3.2,5.2,0.0,0.0,0.0,0
2022-02-12,8.7,2.3,5.3,0.0,0.0,0.0,0
2022-02-13,10.6,1.2,6.1,0.0,0.0,0.0,0
2022-02-14,7.4,3.2,5.5,4.7,0.0,0.0,0
2022-02-15,6.4,2.8,4.8,0.0,0.0,0.0,0
2022-02-16,7.1,2.5,4.7,0.0,0.0,0.0,0
2022-02-17,7.3,1.6,4.5,0.1,0.0,0.0,0
2022-02-18,7.8,4.1,5.5,0.0,0.0,0.0,0
2022-02-19,6.2,3.1,4.5,7.8,0.0,0.0,0
2022-02-20,5.8,2.0,4.1,0.0,0.0,0.0,0
2022-02-21,5.6,-2.1,2.1,5.3,1.82,0.02,1
2022-02-22,2.3,-4.4,-1.9,0.0,0.0,0.02,1
2022-02-23,1.2,-5.6,-2.2,0.1,0.07,0.02,1
2022-02-24,3.3,-3.2,-0.2,0.0,0.0,0.02,1
2022-02-25,4.6,-3.5,0.3,0.0,0.0,0.02,1
2022-02-26,5.8,-0.9,2.5,13.2,0.07,0.01,1
2022-02-27,9.3,5.1,6.6,14.9,0.0,0.01,0
2022-02-28,8.6,5.5,6.7,15.1,0.0,0.0,0
2022-03-01,10.9,5.8,7.9,13.0,0.0,0.0,0
2022-03-02,10.4,4.5,7.1,8.8,0.14,0.0,0
2022-03-03,8.2,3.8,5.8,0.5,0.0,0.0,0
2022-03-04,7.5,3.0,5.6,0.0,0.0,0.0,0
2022-03-05,8.5,2.5,5.3,0.0,0.0,0.0,0
2022-03-06,9.1,1.0,4.7,0.0,0.0,0.0,0
2022-03-07,7.9,1.5,4.7,0.2,0.0,0.0,0
2022-03-08,8.6,3.1,5.9,0.2,0.0,0.0,0
2022-03-09,6.5,-0.2,3.4,0.0,0.0,0.0,1
2022-03-10,6.3,-1.4,2.8,0.0,0.0,0.0,1
2022-03-11,4.3,1.6,2.8,4.5,0.0,0.0,0
2022-03-12,10.9,2.5,5.5,13.3,0.0,0.01,0
2022-03-13,10.6,4.4,7.1,7.8,0.0,0.0,0
2022-03-14,6.7,3.9,5.8,38.9,0.0,0.0,0
2022-03-15,8.7,3.5,6.3,9.6,0.0,0.0,0
2022-03-16,8.7,2.4,5.3,0.1,0.0,0.0,0
2022-03-17,6.0,4.3,5.1,14.7,0.0,0.0,0
2022-03-18,8.6,4.3,6.0,5.2,0.0,0.0,0
2022-03-19,8.4,3.5,6.3,13.2,0.0,0.0,0
2022-03-20,5.5,0.9,3.8,11.5,0.35,0.0,0
2022-03-21,7.3,4.1,5.5,20.7,0.0,0.0,0
2022-03-22,11.0,6.1,8.3,7.6,0.0,0.0,0
2022-03-23,9.9,5.8,8.2,10.5,0.0,0.0,0
2022-03-24,9.6,2.0,6.1,0.0,0.0,0.0,0
2022-03-25,10.6,5.2,7.9,0.3,0.0,0.0,0
2022-03-26,11.4,6.1,8.4,8.8,0.0,0.0,0
2022-03-27,11.9,7.4,9.1,6.5,0.0,0.0,0
2022-03-28,11.0,6.7,8.8,3.2,0.0,0.0,0
2022-03-29,12.4,4.3,8.8,0.9,0.0,0.0,0
2022-03-30,9.6,5.8,7.8,1.8,0.0,0.0,0
2022-03-31,9.1,4.5,6.5,0.0,0.0,0.0,0
2022-04-01,8.1,3.5,5.9,2.1,0.0,0.0,0
2022-04-02,9.2,3.4,6.6,1.5,0.0,0.0,0
2022-04-03,7.3,4.9,6.2,30.3,0.0,0.0,0
2022-04-04,7.9,5.1,6.8,14.5,0.14,0.0,0
2022-04-05,9.7,3.8,6.7,6.5,0.63,0.0,0
2022-04-06,11.1,1.5,6.5,0.0,0.0,0.0,0
2022-04-07,15.7,5.6,10.3,9.2,0.0,0.0,0
2022-04-08,10.5,5.7,8.1,6.8,0.07,0.0,0
2022-04-09,8.4,4.0,6.1,0.5,0.0,0.0,0
2022-04-10,6.9,2.4,4.4,4.1,0.28,0.0,0
2022-04-11,10.6,1.2,6.1,0.7,0.0,0.0,0
2022-04-12,6.7,2.5,3.9,9.1,3.5,0.0,0
2022-04-13,9.0,1.0,5.1,0.7,0.07,0.0,0
2022-04-14,8.9,1.4,5.4,0.3,0.07,0.0,0
2022-04-15,8.6,1.8,4.7,0.5,0.0,0.0,0
2022-04-16,9.2,1.4,5.4,0.0,0.0,0.0,0
2022-04-17,10.9,2.2,6.6,0.6,0.0,0.0,0
2022-04-18,8.1,5.1,7.0,21.6,0.0,0.0,0
2022-04-19,8.8,3.1,5.9,1.9,0.0,0.0,0
2022-04-20,14.4,2.8,7.6,5.5,0.0,0.0,0
2022-04-21,10.6,3.7,7.0,10.5,0.0,0.0,0
2022-04-22,10.9,4.7,7.9,0.0,0.0,0.0,0
2022-04-23,13.1,4.7,8.7,0.0,0.0,0.0,0
2022-04-24,15.9,5.8,10.7,1.4,0.0,0.0,0
2022-04-25,12.0,5.9,9.3,5.6,0.0,0.0,0
2022-04-26,9.4,4.1,6.6,5.3,0.0,0.0,0
2022-04-27,9.8,3.2,6.4,0.9,0.0,0.0,0
2022-04-28,10.8,3.0,7.5,0.0,0.0,0.0,0
2022-04-29,13.7,4.8,9.2,0.3,0.0,0.0,0
2022-04-30,12.9,7.8,9.8,9.5,0.0,0.0,0
2022-05-01,13.6,5.3,10.1,0.3,0.0,0.0,0
2022-05-02,12.2,8.0,10.1,8.0,0.0,0.0,0
2022-05-03,11.0,7.1,9.1,4.0,0.0,0.0,0
2022-05-04,10.6,6.8,8.8,6.8,0.0,0.0,0
2022-05-05,9.4,7.6,8.5,20.6,0.0,0.0,0
2022-05-06,10.9,6.3,8.7,0.9,0.0,0.0,0
2022-05-07,11.2,4.2,7.9,0.6,0.0,0.0,0
2022-05-08,9.9,3.3,6.9,0.8,0.0,0.0,0
2022-05-09,11.4,4.1,7.8,0.4,0.0,0.0,0
2022-05-10,12.1,5.4,8.8,0.6,0.0,0.0,0
2022-05-11,12.8,5.6,8.8,3.3,0.0,0.0,0
2022-05-12,8.6,4.9,7.3,18.7,0.14,0.0,0
2022-05-13,11.4,3.6,7.7,4.6,0.21,0.0,0
2022-05-14,13.9,6.9,9.9,3.3,0.0,0.0,0
2022-05-15,13.1,9.4,11.0,17.5,0.0,0.0,0
2022-05-16,13.7,9.3,11.5,6.4,0.0,0.0,0
2022-05-17,12.4,7.4,10.0,0.8,0.0,0.0,0
2022-05-18,12.6,7.9,9.8,7.4,0.0,0.0,0
2022-05-19,12.1,7.2,9.4,0.0,0.0,0.0,0
2022-05-20,13.6,5.2,9.7,0.0,0.0,0.0,0
2022-05-21,16.0,7.3,11.7,0.0,0.0,0.0,0
2022-05-22,17.4,7.2,12.9,0.0,0.0,0.0,0
2022-05-23,15.1,10.6,13.0,0.2,0.0,0.0,0
2022-05-24,13.7,8.4,11.2,0.7,0.0,0.0,0
2022-05-25,17.0,10.1,13.0,1.7,0.0,0.0,0
2022-05-26,16.5,9.8,13.3,12.0,0.0,0.0,0
2022-05-27,14.1,10.1,12.5,5.7,0.0,0.0,0
2022-05-28,13.4,7.6,10.9,0.1,0.0,0.0,0
2022-05-29,14.6,9.9,11.9,0.9,0.0,0.0,0
2022-05-30,13.5,8.4,11.0,5.3,0.0,0.0,0
2022-05-31,16.3,9.4,13.0,0.0,0.0,0.0,0
2022-06-01,18.3,11.4,15.0,0.2,0.0,0.0,0
2022-06-02,19.2,13.2,16.3,4.5,0.0,0.0,0
2022-06-03,15.2,12.2,13.8,23.7,0.0,0.0,0
2022-06-04,18.0,11.2,14.2,10.2,0.0,0.0,0
2022-06-05,17.5,12.4,14.6,19.2,0.0,0.0,0
2022-06-06,14.9,10.2,12.8,0.5,0.0,0.0,0
2022-06-07,18.5,8.7,13.9,0.2,0.0,0.0,0
2022-06-08,17.5,12.1,15.0,0.9,0.0,0.0,0
2022-06-09,13.8,12.0,12.9,18.5,0.0,0.0,0
2022-06-10,18.7,12.2,15.1,4.3,0.0,0.0,0
2022-06-11,17.0,11.2,14.4,0.2,0.0,0.0,0
2022-06-12,15.5,11.6,13.3,2.3,0.0,0.0,0
2022-06-13,15.4,10.8,13.0,0.5,0.0,0.0,0
2022-06-14,16.1,10.8,13.0,0.0,0.0,0.0,0
2022-06-15,14.4,9.4,12.2,1.7,0.0,0.0,0
2022-06-16,16.5,11.4,13.8,2.4,0.0,0.0,0
2022-06-17,17.1,10.6,13.9,0.2,0.0,0.0,0
2022-06-18,16.5,11.4,13.7,5.3,0.0,0.0,0
2022-06-19,16.3,10.9,13.6,1.5,0.0,0.0,0
2022-06-20,16.8,10.6,13.9,0.8,0.0,0.0,0
2022-06-21,17.0,12.4,14.8,7.6,0.0,0.0,0
2022-06-22,17.4,13.6,15.1,0.1,0.0,0.0,0
2022-06-23,14.9,10.4,12.8,0.0,0.0,0.0,0
2022-06-24,21.3,9.4,15.5,0.0,0.0,0.0,0
2022-06-25,24.4,14.4,19.3,0.0,0.0,0.0,0
2022-06-26,25.6,16.4,21.2,0.0,0.0,0.0,0
2022-06-27,27.6,17.4,22.4,0.0,0.0,0.0,0
2022-06-28,19.1,14.4,16.1,3.3,0.0,0.0,0
2022-06-29,18.0,13.8,15.7,0.3,0.0,0.0,0
2022-06-30,19.7,11.6,16.1,0.0,0.0,0.0,0
2022-07-01,20.2,12.6,17.2,0.0,0.0,0.0,0
2022-07-02,19.4,12.8,16.2,0.0,0.0,0.0,0
2022-07-03,15.2,12.8,13.7,21.4,0.0,0.0,0
2022-07-04,17.1,12.6,14.5,4.2,0.0,0.0,0
2022-07-05,20.0,14.0,16.7,0.0,0.0,0.0,0
2022-07-06,19.8,14.4,17.4,6.9,0.0,0.0,0
2022-07-07,20.5,14.5,17.0,10.3,0.0,0.0,0
2022-07-08,19.0,13.9,16.9,0.0,0.0,0.0,0
2022-07-09,19.7,13.4,17.1,0.0,0.0,0.0,0
2022-07-10,19.8,13.5,16.9,1.0,0.0,0.0,0
2022-07-11,25.0,13.7,18.9,0.0,0.0,0.0,0
2022-07-12,22.0,15.4,19.1,0.0,0.0,0.0,0
2022-07-13,19.6,14.5,17.3,0.0,0.0,0.0,0
2022-07-14,21.6,12.9,17.7,0.2,0.0,0.0,0
2022-07-15,19.4,14.2,16.5,4.2,0.0,0.0,0
2022-07-16,19.0,15.9,16.9,2.2,0.0,0.0,0
2022-07-17,17.4,13.6,15.5,2.3,0.0,0.0,0
2022-07-18,19.0,13.1,16.0,0.6,0.0,0.0,0
2022-07-19,19.7,13.1,17.0,0.0,0.0,0.0,0
2022-07-20,22.6,14.3,18.5,0.0,0.0,0.0,0
2022-07-21,21.2,14.4,18.2,0.0,0.0,0.0,0
2022-07-22,20.5,13.5,17.3,0.0,0.0,0.0,0
2022-07-23,20.0,13.2,16.5,0.0,0.0,0.0,0
2022-07-24,21.8,14.1,18.4,0.0,0.0,0.0,0
2022-07-25,25.5,16.1,21.0,0.0,0.0,0.0,0
2022-07-26,30.6,19.5,24.3,0.0,0.0,0.0,0
2022-07-27,27.6,19.2,23.8,0.0,0.0,0.0,0
2022-07-28,27.7,18.5,23.0,0.0,0.0,0.0,0
2022-07-29,27.4,18.8,23.1,0.0,0.0,0.0,0
2022-07-30,28.0,18.0,23.1,0.0,0.0,0.0,0
2022-07-31,27.6,20.0,23.8,0.0,0.0,0.0,0
2022-08-01,24.5,17.8,21.5,0.0,0.0,0.0,0
2022-08-02,20.4,17.5,19.0,0.1,0.0,0.0,0
2022-08-03,19.9,15.4,17.4,4.9,0.0,0.0,0
2022-08-04,19.5,14.9,17.1,2.1,0.0,0.0,0
2022-08-05,21.2,12.6,17.4,0.0,0.0,0.0,0
2022-08-06,24.4,15.9,19.8,0.0,0.0,0.0,0
2022-08-07,24.7,15.1,20.2,0.0,0.0,0.0,0
2022-08-08,25.1,16.6,21.0,0.0,0.0,0.0,0
2022-08-09,24.5,16.5,20.3,0.0,0.0,0.0,0
2022-08-10,23.5,16.5,19.4,8.4,0.0,0.0,0
2022-08-11,22.6,15.8,19.2,0.4,0.0,0.0,0
2022-08-12,22.9,14.9,18.8,0.0,0.0,0.0,0
2022-08-13,21.7,16.3,18.4,1.2,0.0,0.0,0
2022-08-14,22.8,15.1,18.8,0.0,0.0,0.0,0
2022-08-15,23.5,16.0,20.0,0.0,0.0,0.0,0
2022-08-16,24.1,16.9,20.3,0.0,0.0,0.0,0
2022-08-17,27.5,16.6,22.3,0.0,0.0,0.0,0
2022-08-18,29.5,18.8,23.5,0.0,0.0,0.0,0
2022-08-19,26.3,20.2,22.3,0.0,0.0,0.0,0
2022-08-20,22.5,17.0,20.0,0.0,0.0,0.0,0
2022-08-21,22.7,16.8,19.6,0.0,0.0,0.0,0
2022-08-22,23.8,16.6,20.3,0.0,0.0,0.0,0
2022-08-23,23.5,14.7,19.4,0.0,0.0,0.0,0
2022-08-24,27.1,17.6,21.9,0.0,0.0,0.0,0
2022-08-25,24.9,18.2,22.0,0.0,0.0,0.0,0
2022-08-26,20.4,15.4,18.4,1.7,0.0,0.0,0
2022-08-27,21.1,15.6,17.9,0.2,0.0,0.0,0
2022-08-28,21.9,13.7,17.4,0.0,0.0,0.0,0
2022-08-29,24.2,14.5,19.6,0.0,0.0,0.0,0
2022-08-30,27.4,18.5,22.5,0.0,0.0,0.0,0
2022-08-31,26.6,17.5,23.2,0.0,0.0,0.0,0
2022-09-01,22.5,16.5,19.6,0.0,0.0,0.0,0
2022-09-02,23.7,15.3,19.3,0.0,0.0,0.0,0
2022-09-03,21.9,14.6,18.0,0.7,0.0,0.0,0
2022-09-04,19.0,16.1,17.1,7.2,0.0,0.0,0
2022-09-05,19.4,15.1,16.9,0.1,0.0,0.0,0
2022-09-06,21.5,12.9,17.5,0.0,0.0,0.0,0
2022-09-07,19.8,13.2,17.0,0.0,0.0,0.0,0
2022-09-08,19.1,10.9,15.8,0.0,0.0,0.0,0
2022-09-09,21.9,14.1,17.7,0.0,0.0,0.0,0
2022-09-10,25.9,13.9,20.6,0.0,0.0,0.0,0
2022-09-11,26.0,14.6,20.4,0.9,0.0,0.0,0
2022-09-12,19.6,14.4,17.4,0.7,0.0,0.0,0
2022-09-13,19.4,13.0,16.0,0.0,0.0,0.0,0
2022-09-14,18.0,13.0,15.6,0.0,0.0,0.0,0
2022-09-15,19.5,13.0,15.3,2.5,0.0,0.0,0
2022-09-16,16.8,12.8,14.5,0.5,0.0,0.0,0
2022-09-17,16.1,11.1,14.0,0.0,0.0,0.0,0
2022-09-18,19.0,11.8,15.1,0.0,0.0,0.0,0
2022-09-19,20.2,10.4,15.7,0.0,0.0,0.0,0
2022-09-20,20.7,13.5,17.7,0.0,0.0,0.0,0
2022-09-21,21.0,14.2,17.8,0.0,0.0,0.0,0
2022-09-22,18.9,11.3,14.9,0.0,0.0,0.0,0
2022-09-23,15.6,12.2,13.9,2.7,0.0,0.0,0
2022-09-24,18.4,11.6,14.8,0.0,0.0,0.0,0
2022-09-25,21.0,12.6,16.7,0.0,0.0,0.0,0
2022-09-26,23.0,13.9,18.1,0.0,0.0,0.0,0
2022-09-27,21.9,13.2,16.9,0.0,0.0,0.0,0
2022-09-28,19.0,13.3,15.8,2.3,0.0,0.0,0
2022-09-29,17.8,14.1,15.4,0.1,0.0,0.0,0
2022-09-30,17.9,12.1,14.7,0.0,0.0,0.0,0
2022-10-01,20.9,12.5,16.5,0.0,0.0,0.0,0
2022-10-02,21.4,13.4,17.3,0.0,0.0,0.0,0
2022-10-03,20.8,12.2,16.3,0.0,0.0,0.0,0
2022-10-04,17.5,11.4,14.3,0.0,0.0,0.0,0
2022-10-05,17.2,11.9,14.5,0.0,0.0,0.0,0
2022-10-06,21.1,12.1,16.4,0.0,0.0,0.0,0
2022-10-07,20.1,13.4,16.6,0.0,0.0,0.0,0
2022-10-08,20.5,12.3,15.9,0.0,0.0,0.0,0
2022-10-09,20.0,12.4,15.6,0.0,0.0,0.0,0
2022-10-10,16.5,10.4,13.6,0.0,0.0,0.0,0
2022-10-11,15.1,10.5,12.6,0.0,0.0,0.0,0
2022-10-12,17.4,9.9,13.5,0.0,0.0,0.0,0
2022-10-13,19.9,10.0,15.2,0.0,0.0,0.0,0
2022-10-14,18.6,9.6,13.8,0.0,0.0,0.0,0
2022-10-15,21.1,11.5,16.5,0.0,0.0,0.0,0
2022-10-16,22.2,11.5,18.5,0.0,0.0,0.0,0
2022-10-17,15.8,10.1,12.8,0.0,0.0,0.0,0
2022-10-18,15.5,9.8,12.4,0.0,0.0,0.0,0
2022-10-19,15.8,9.1,12.3,0.0,0.0,0.0,0
2022-10-20,14.7,10.4,11.9,0.3,0.0,0.0,0
2022-10-21,11.1,7.8,9.8,3.4,0.0,0.0,0
2022-10-22,10.3,5.7,8.0,0.1,0.0,0.0,0
2022-10-23,10.5,5.2,7.6,2.1,0.0,0.0,0
2022-10-24,11.6,7.0,9.2,20.5,0.0,0.0,0
2022-10-25,8.9,6.9,8.1,22.0,0.0,0.0,0
2022-10-26,9.7,6.0,7.9,4.7,0.0,0.0,0
2022-10-27,10.7,8.6,9.8,36.2,0.0,0.0,0
2022-10-28,11.6,7.1,9.5,2.7,0.0,0.0,0
2022-10-29,10.6,7.2,9.1,6.9,0.0,0.0,0
2022-10-30,9.9,8.9,9.4,46.4,0.0,0.0,0
2022-10-31,10.2,5.6,8.6,12.6,0.0,0.0,0
2022-11-01,8.1,3.6,5.9,0.0,0.0,0.0,0
2022-11-02,7.8,3.0,5.7,0.0,0.0,0.0,0
2022-11-03,7.1,2.0,3.4,22.5,1.61,0.01,0
2022-11-04,11.3,4.0,6.9,27.1,0.0,0.02,0
2022-11-05,6.8,3.2,5.7,0.5,0.0,0.01,0
2022-11-06,3.8,2.0,2.7,22.3,5.88,0.03,0
2022-11-07,5.2,0.2,2.7,1.4,0.77,0.05,0
2022-11-08,4.5,-1.5,1.3,1.0,0.7,0.05,1
2022-11-09,4.7,-2.3,1.2,0.0,0.0,0.05,1
2022-11-10,4.6,-0.6,2.5,0.0,0.0,0.05,1
2022-11-11,6.9,2.3,4.4,0.2,0.0,0.04,0
2022-11-12,6.7,0.9,4.0,0.0,0.0,0.03,0
2022-11-13,6.8,1.5,4.4,0.0,0.0,0.03,0
2022-11-14,8.0,2.5,5.1,0.0,0.0,0.02,0
2022-11-15,7.6,2.5,5.1,0.0,0.0,0.02,0
2022-11-16,8.1,2.3,5.2,0.0,0.0,0.01,0
2022-11-17,9.1,-0.8,4.6,0.0,0.0,0.01,1
2022-11-18,5.8,0.1,3.1,0.0,0.0,0.01,0
2022-11-19,6.3,-1.0,2.9,0.0,0.0,0.01,1
2022-11-20,6.3,-1.8,2.9,0.0,0.0,0.01,1
2022-11-21,7.1,4.0,5.6,0.0,0.0,0.0,0
2022-11-22,7.1,5.2,6.3,25.7,0.0,0.0,0
2022-11-23,7.4,2.9,5.2,0.0,0.0,0.0,0
2022-11-24,9.9,2.3,5.7,0.0,0.0,0.0,0
2022-11-25,7.8,4.5,6.8,11.2,0.0,0.0,0
2022-11-26,7.5,2.5,5.0,4.8,0.0,0.0,0
2022-11-27,7.9,2.3,4.5,1.7,0.0,0.0,0
2022-11-28,2.2,-3.0,-0.2,0.0,0.0,0.0,1
2022-11-29,0.4,-3.4,-1.1,10.8,7.56,0.02,1
2022-11-30,3.5,-0.8,1.3,7.2,4.83,0.12,1
2022-12-01,0.8,-6.9,-3.3,0.0,0.0,0.13,1
2022-12-02,2.3,-5.0,-0.8,1.2,0.84,0.13,1
2022-12-03,4.0,-1.2,0.7,1.4,1.05,0.14,1
2022-12-04,2.4,-2.7,-0.1,0.0,0.0,0.14,1
2022-12-05,3.4,-2.3,0.6,0.0,0.0,0.14,1
2022-12-06,2.5,-0.4,0.9,0.4,0.14,0.13,1
2022-12-07,4.5,1.6,3.2,1.2,0.0,0.12,0
2022-12-08,5.0,-0.1,3.6,6.7,0.0,0.09,1
2022-12-09,4.2,0.1,2.1,10.0,3.78,0.14,0
2022-12-10,6.2,3.2,4.9,18.9,1.05,0.15,0
2022-12-11,6.7,4.1,5.4,0.1,0.0,0.12,0
2022-12-12,4.8,-0.2,3.0,0.0,0.0,0.11,1
2022-12-13,4.3,-1.0,1.6,0.7,0.0,0.11,1
2022-12-14,4.7,0.6,2.6,0.0,0.0,0.11,0
2022-12-15,5.1,-0.2,2.4,0.0,0.0,0.1,1
2022-12-16,4.6,-0.9,1.9,0.0,0.0,0.1,1
2022-12-17,2.4,-1.4,0.5,1.6,0.56,0.1,1
2022-12-18,0.6,-5.8,-2.7,9.7,6.58,0.12,1
2022-12-19,-4.8,-9.4,-6.8,2.0,1.4,0.12,0
2022-12-20,-4.2,-7.6,-6.0,12.5,8.75,0.2,0
2022-12-21,-5.9,-11.5,-9.5,0.4,0.28,0.21,0
2022-12-22,-6.9,-13.3,-9.9,1.0,0.7,0.21,0
2022-12-23,3.3,-6.8,-2.2,23.4,12.11,0.29,1
2022-12-24,5.4,3.8,4.6,40.3,0.0,0.26,0
2022-12-25,8.1,3.8,5.8,16.8,0.0,0.16,0
2022-12-26,10.1,5.9,8.0,30.4,0.0,0.09,0
2022-12-27,8.4,5.8,7.0,31.8,0.0,0.05,0
2022-12-28,6.1,2.1,4.9,3.3,0.0,0.03,0
2022-12-29,6.2,3.2,4.7,3.3,0.0,0.02,0
2022-12-30,7.1,4.0,5.4,28.4,0.63,0.01,0
2022-12-31,7.2,1.0,5.0,7.8,0.0,0.0,0
2023-01-01,6.8,2.0,4.0,0.0,0.0,0.0,0
2023-01-02,4.9,0.1,2.4,0.0,0.0,0.0,0
2023-01-03,5.1,-0.4,3.2,1.1,0.0,0.01,1
2023-01-04,7.3,2.3,4.8,0.0,0.0,0.01,0
2023-01-05,9.2,4.2,6.7,12.1,0.0,0.0,0
2023-01-06,9.4,5.8,7.7,1.7,0.0,0.0,0
2023-01-07,7.6,6.2,6.9,9.6,0.0,0.0,0
2023-01-08,6.8,2.7,5.4,15.1,0.0,0.0,0
2023-01-09,8.8,4.8,6.2,8.6,0.0,0.0,0
2023-01-10,11.0,4.4,7.0,7.3,0.0,0.0,0
2023-01-11,9.4,1.8,6.2,0.2,0.0,0.0,0
2023-01-12,9.6,6.3,8.0,21.8,0.0,0.0,0
2023-01-13,10.1,8.4,9.2,12.7,0.0,0.0,0
2023-01-14,12.5,5.2,8.4,5.6,0.0,0.0,0
2023-01-15,8.8,5.1,6.9,9.1,0.0,0.0,0
2023-01-16,7.4,5.3,6.2,15.0,0.0,0.0,0
2023-01-17,6.2,5.2,5.6,16.4,0.0,0.0,0
2023-01-18,6.4,2.6,5.4,5.8,0.0,0.0,0
2023-01-19,5.6,0.6,2.6,0.6,0.0,0.0,0
2023-01-20,5.8,1.8,4.0,0.4,0.0,0.0,0
2023-01-21,3.8,0.9,2.6,11.6,1.89,0.01,0
2023-01-22,5.3,-0.4,2.7,0.5,0.0,0.02,1
2023-01-23,4.8,1.6,3.4,0.6,0.0,0.02,0
2023-01-24,5.0,3.4,4.1,7.2,0.0,0.02,0
2023-01-25,6.7,2.2,4.8,0.0,0.0,0.01,0
2023-01-26,5.1,2.7,4.2,2.3,0.0,0.01,0
2023-01-27,6.8,3.0,5.0,1.7,0.0,0.01,0
2023-01-28,7.3,-0.5,3.5,0.2,0.0,0.0,1
2023-01-29,1.2,-3.7,-0.8,0.0,0.0,0.0,1
2023-01-30,2.2,-4.6,-0.9,0.0,0.0,0.0,1
2023-01-31,1.6,-1.5,-0.1,1.0,0.7,0.01,1
2023-02-01,4.7,0.6,2.0,2.8,1.12,0.02,0
2023-02-02,7.7,1.1,4.1,0.0,0.0,0.02,0
2023-02-03,8.4,3.5,6.2,8.9,0.0,0.01,0
2023-02-04,9.1,5.4,6.9,6.6,0.0,0.0,0
2023-02-05,7.8,4.9,6.2,2.5,0.0,0.0,0
2023-02-06,6.9,4.4,5.8,6.7,0.0,0.0,0
2023-02-07,7.6,4.4,6.0,30.5,0.0,0.0,0
2023-02-08,6.5,-0.6,3.7,1.2,0.0,0.0,1
2023-02-09,8.4,4.7,5.9,3.2,0.0,0.0,0
2023-02-10,8.1,2.2,5.4,12.1,0.91,0.0,0
2023-02-11,6.1,1.8,4.0,0.1,0.0,0.0,0
2023-02-12,4.8,2.5,3.9,7.6,0.0,0.0,0
2023-02-13,6.2,1.1,4.2,2.3,0.14,0.0,0
2023-02-14,4.8,-0.2,2.3,0.0,0.0,0.0,1
2023-02-15,5.2,-0.9,2.0,0.0,0.0,0.0,1
2023-02-16,4.5,1.9,3.1,4.1,0.56,0.0,0
2023-02-17,5.6,1.9,3.7,4.1,0.42,0.03,0
2023-02-18,6.8,3.3,4.6,4.1,0.0,0.02,0
2023-02-19,6.3,1.6,4.7,0.2,0.0,0.02,0
2023-02-20,8.1,4.9,6.2,4.8,0.0,0.01,0
2023-02-21,5.8,1.3,4.6,0.6,0.07,0.0,0
2023-02-22,0.9,-2.4,-0.9,0.4,0.28,0.0,1
2023-02-23,0.5,-4.4,-2.5,0.0,0.0,0.01,1
2023-02-24,-0.1,-6.2,-3.2,0.0,0.0,0.01,0
2023-02-25,0.6,-3.2,-1.0,7.8,5.32,0.02,1
2023-02-26,2.5,-2.5,0.7,16.7,11.48,0.11,1
2023-02-27,2.8,-2.1,0.7,3.4,2.03,0.13,1
2023-02-28,2.4,-1.5,0.8,11.1,7.28,0.15,1
2023-03-01,3.2,-2.8,0.9,3.1,0.14,0.16,1
2023-03-02,7.2,1.0,3.7,6.3,0.7,0.17,0
2023-03-03,5.4,-0.9,2.4,6.3,2.8,0.15,1
2023-03-04,5.9,1.9,3.9,6.0,2.45,0.14,0
2023-03-05,7.0,0.0,3.6,0.4,0.0,0.12,0
2023-03-06,8.9,1.6,4.8,1.8,0.0,0.1,0
2023-03-07,8.8,2.2,4.5,0.6,0.0,0.08,0
2023-03-08,8.9,0.9,4.6,0.4,0.07,0.06,0
2023-03-09,11.0,1.1,5.6,0.0,0.0,0.05,0
2023-03-10,6.7,3.6,4.7,2.8,0.07,0.04,0
2023-03-11,7.2,1.6,4.0,11.3,2.45,0.03,0
2023-03-12,8.4,1.4,4.8,7.3,0.0,0.02,0
2023-03-13,8.4,1.0,5.4,7.9,0.84,0.01,0
2023-03-14,7.5,-0.5,3.4,3.8,0.98,0.02,1
2023-03-15,7.6,2.0,4.4,2.3,0.84,0.02,0
2023-03-16,8.6,-0.3,4.2,0.0,0.0,0.01,1
2023-03-17,11.2,2.3,7.0,0.0,0.0,0.01,0
2023-03-18,13.1,4.6,8.6,0.0,0.0,0.0,0
2023-03-19,11.4,5.3,9.0,0.1,0.0,0.0,0
2023-03-20,10.2,5.8,8.6,3.4,0.0,0.0,0
2023-03-21,10.1,4.8,7.5,0.7,0.0,0.0,0
2023-03-22,11.5,3.6,7.6,0.0,0.0,0.0,0
2023-03-23,6.8,3.7,5.4,7.0,0.0,0.0,0
2023-03-24,5.9,1.8,3.4,8.0,0.98,0.01,0
2023-03-25,6.2,0.8,3.3,1.7,0.0,0.01,0
2023-03-26,7.4,-0.6,3.2,0.2,0.0,0.01,1
2023-03-27,10.6,0.9,5.3,0.2,0.0,0.0,0
2023-03-28,14.7,2.3,8.2,0.0,0.0,0.0,0
2023-03-29,11.8,2.6,7.2,0.0,0.0,0.0,0
2023-03-30,10.2,3.5,6.4,0.0,0.0,0.0,0
2023-03-31,6.4,3.6,5.3,14.8,0.0,0.0,0
2023-04-01,7.3,1.2,4.4,3.3,0.49,0.01,0
2023-04-02,5.6,0.9,2.6,11.5,6.72,0.02,0
2023-04-03,7.1,0.0,3.7,0.6,0.07,0.02,0
2023-04-04,7.8,0.6,4.1,2.2,0.35,0.01,0
2023-04-05,8.9,1.2,5.3,0.0,0.0,0.01,0
2023-04-06,9.6,6.4,7.8,10.6,0.0,0.0,0
2023-04-07,11.7,5.8,8.7,11.0,0.0,0.0,0
2023-04-08,7.9,5.9,6.9,9.9,0.0,0.0,0
2023-04-09,9.7,5.5,8.0,18.9,0.0,0.0,0
2023-04-10,9.9,4.2,6.9,0.5,0.0,0.0,0
2023-04-11,9.4,2.7,6.1,7.8,0.07,0.0,0
2023-04-12,9.4,1.8,5.8,0.0,0.0,0.0,0
2023-04-13,7.8,2.9,5.3,1.4,0.07,0.0,0
2023-04-14,9.9,1.5,5.9,0.0,0.0,0.0,0
2023-04-15,8.6,5.8,7.0,12.6,0.0,0.0,0
2023-04-16,8.0,4.1,6.8,10.8,0.0,0.0,0
2023-04-17,10.6,1.5,5.0,7.3,1.33,0.01,0
2023-04-18,7.8,3.0,4.6,11.7,2.03,0.0,0
2023-04-19,9.1,3.2,5.6,2.8,0.0,0.0,0
2023-04-20,8.9,2.5,4.9,9.1,0.0,0.0,0
2023-04-21,9.5,4.1,6.2,7.9,0.0,0.0,0
2023-04-22,10.7,6.2,8.1,18.2,0.0,0.0,0
2023-04-23,9.9,6.9,8.4,20.2,0.0,0.0,0
2023-04-24,10.4,4.6,7.8,1.2,0.0,0.0,0
2023-04-25,10.6,5.3,8.0,0.1,0.0,0.0,0
2023-04-26,12.6,5.8,8.4,3.8,0.0,0.0,0
2023-04-27,13.1,5.1,9.2,0.0,0.0,0.0,0
2023-04-28,19.2,8.6,13.8,0.0,0.0,0.0,0
2023-04-29,19.9,10.0,16.0,0.0,0.0,0.0,0
2023-04-30,14.0,9.9,11.9,0.9,0.0,0.0,0
2023-05-01,13.7,9.2,11.4,0.1,0.0,0.0,0
2023-05-02,18.1,8.3,13.3,0.0,0.0,0.0,0
2023-05-03,17.5,11.1,14.6,0.0,0.0,0.0,0
2023-05-04,16.5,9.9,13.0,0.3,0.0,0.0,0
2023-05-05,10.6,9.4,9.9,25.4,0.0,0.0,0
2023-05-06,12.1,8.2,9.9,2.7,0.0,0.0,0
2023-05-07,13.6,7.6,10.5,1.5,0.0,0.0,0
2023-05-08,14.2,5.9,10.4,0.1,0.0,0.0,0
2023-05-09,14.4,7.9,11.3,0.5,0.0,0.0,0
2023-05-10,16.4,6.8,11.7,0.0,0.0,0.0,0
2023-05-11,19.6,8.8,13.8,0.0,0.0,0.0,0
2023-05-12,20.9,10.9,16.2,0.0,0.0,0.0,0
2023-05-13,23.5,13.2,18.4,0.0,0.0,0.0,0
2023-05-14,26.0,15.4,20.4,0.0,0.0,0.0,0
2023-05-15,27.5,16.7,21.4,0.0,0.0,0.0,0
2023-05-16,19.4,15.0,17.2,0.0,0.0,0.0,0
2023-05-17,21.1,13.5,17.0,0.0,0.0,0.0,0
2023-05-18,22.9,14.1,18.9,0.0,0.0,0.0,0
2023-05-19,20.0,12.9,16.4,0.3,0.0,0.0,0
2023-05-20,19.6,12.5,16.3,0.0,0.0,0.0,0
2023-05-21,17.0,11.6,14.4,0.5,0.0,0.0,0
2023-05-22,15.9,11.6,13.2,0.1,0.0,0.0,0
2023-05-23,14.3,9.1,12.2,0.1,0.0,0.0,0
2023-05-24,17.0,9.7,13.7,0.0,0.0,0.0,0
2023-05-25,20.8,10.6,15.7,0.0,0.0,0.0,0
2023-05-26,21.8,12.9,17.3,0.0,0.0,0.0,0
2023-05-27,18.0,12.2,15.6,0.0,0.0,0.0,0
2023-05-28,18.0,10.4,14.4,0.0,0.0,0.0,0
2023-05-29,17.9,10.5,14.3,0.0,0.0,0.0,0
2023-05-30,16.2,9.9,13.1,0.0,0.0,0.0,0
2023-05-31,16.5,9.2,12.9,0.0,0.0,0.0,0
2023-06-01,17.5,8.3,13.6,0.0,0.0,0.0,0
2023-06-02,19.5,9.6,14.7,0.0,0.0,0.0,0
2023-06-03,20.5,10.9,15.8,0.0,0.0,0.0,0
2023-06-04,18.6,12.7,15.5,0.0,0.0,0.0,0
2023-06-05,19.6,10.9,15.3,0.0,0.0,0.0,0
2023-06-06,24.0,13.3,18.3,0.0,0.0,0.0,0
2023-06-07,26.9,14.6,20.1,0.0,0.0,0.0,0
2023-06-08,21.1,13.9,18.3,0.0,0.0,0.0,0
2023-06-09,17.0,12.2,14.9,5.2,0.0,0.0,0
2023-06-10,14.8,11.6,13.1,10.6,0.0,0.0,0
2023-06-11,19.9,12.3,16.0,0.0,0.0,0.0,0
2023-06-12,22.1,13.0,17.1,0.0,0.0,0.0,0
2023-06-13,17.0,13.2,15.5,11.3,0.0,0.0,0
2023-06-14,16.4,11.5,13.5,0.0,0.0,0.0,0
2023-06-15,17.9,11.1,14.7,0.0,0.0,0.0,0
2023-06-16,19.1,12.3,15.3,1.7,0.0,0.0,0
2023-06-17,16.6,11.8,14.5,2.1,0.0,0.0,0
2023-06-18,14.4,10.8,12.4,1.3,0.0,0.0,0
2023-06-19,13.3,8.5,11.2,2.9,0.0,0.0,0
2023-06-20,15.6,10.5,12.8,1.6,0.0,0.0,0
2023-06-21,17.1,10.8,14.2,0.2,0.0,0.0,0
2023-06-22,20.6,11.2,15.9,0.0,0.0,0.0,0
2023-06-23,22.7,13.1,18.5,0.0,0.0,0.0,0
2023-06-24,19.0,13.0,16.0,0.0,0.0,0.0,0
2023-06-25,20.0,12.4,16.5,0.0,0.0,0.0,0
2023-06-26,20.4,12.9,17.2,0.0,0.0,0.0,0
2023-06-27,21.2,13.4,17.4,0.0,0.0,0.0,0
2023-06-28,23.0,15.0,19.0,0.0,0.0,0.0,0
2023-06-29,23.2,14.8,19.3,0.0,0.0,0.0,0
2023-06-30,23.2,15.8,19.4,0.0,0.0,0.0,0
2023-07-01,22.0,12.2,17.5,0.0,0.0,0.0,0
2023-07-02,22.8,13.8,18.2,0.0,0.0,0.0,0
2023-07-03,25.0,13.9,19.4,0.0,0.0,0.0,0
2023-07-04,26.7,16.8,21.7,0.0,0.0,0.0,0
2023-07-05,27.5,16.8,21.7,0.0,0.0,0.0,0
2023-07-06,25.1,16.7,21.6,0.0,0.0,0.0,0
2023-07-07,23.5,14.9,19.2,0.0,0.0,0.0,0
2023-07-08,21.8,14.6,18.0,0.0,0.0,0.0,0
2023-07-09,22.9,13.9,18.5,0.0,0.0,0.0,0
2023-07-10,20.1,13.1,16.6,0.0,0.0,0.0,0
2023-07-11,20.9,13.9,17.6,0.0,0.0,0.0,0
2023-07-12,22.2,14.4,18.6,0.0,0.0,0.0,0
2023-07-13,23.4,13.9,18.9,0.0,0.0,0.0,0
2023-07-14,25.8,15.2,20.4,0.0,0.0,0.0,0
2023-07-15,27.5,15.9,21.3,0.0,0.0,0.0,0
2023-07-16,25.0,15.1,20.4,0.0,0.0,0.0,0
2023-07-17,22.5,16.5,19.6,0.6,0.0,0.0,0
2023-07-18,23.2,13.7,18.8,0.0,0.0,0.0,0
2023-07-19,27.0,16.0,21.6,0.0,0.0,0.0,0
2023-07-20,27.1,16.7,22.5,0.0,0.0,0.0,0
2023-07-21,24.2,15.7,20.0,0.0,0.0,0.0,0
2023-07-22,24.5,15.3,20.1,0.0,0.0,0.0,0
2023-07-23,24.9,16.2,20.2,0.0,0.0,0.0,0
2023-07-24,19.6,15.1,16.8,14.4,0.0,0.0,0
2023-07-25,18.3,13.1,15.4,5.6,0.0,0.0,0
2023-07-26,19.7,14.2,16.8,0.6,0.0,0.0,0
2023-07-27,21.6,14.1,17.8,0.0,0.0,0.0,0
2023-07-28,22.6,14.8,18.6,0.0,0.0,0.0,0
2023-07-29,22.8,14.6,18.1,0.0,0.0,0.0,0
2023-07-30,22.0,13.1,17.5,0.1,0.0,0.0,0
2023-07-31,22.5,12.9,17.9,0.0,0.0,0.0,0
2023-08-01,23.1,14.2,18.8,0.0,0.0,0.0,0
2023-08-02,22.0,14.8,18.9,0.0,0.0,0.0,0
2023-08-03,24.5,14.9,19.9,0.2,0.0,0.0,0
2023-08-04,25.3,15.2,20.2,0.0,0.0,0.0,0
2023-08-05,25.0,16.3,20.5,0.0,0.0,0.0,0
2023-08-06,23.9,17.0,20.3,0.5,0.0,0.0,0
2023-08-07,22.6,16.6,19.8,1.1,0.0,0.0,0
2023-08-08,23.4,16.5,19.2,0.2,0.0,0.0,0
2023-08-09,21.7,16.3,18.2,6.5,0.0,0.0,0
2023-08-10,21.8,14.6,17.8,1.4,0.0,0.0,0
2023-08-11,22.2,13.9,18.3,0.0,0.0,0.0,0
2023-08-12,23.5,15.1,19.3,0.0,0.0,0.0,0
2023-08-13,25.4,17.7,21.4,0.0,0.0,0.0,0
2023-08-14,26.2,17.9,21.8,0.0,0.0,0.0,0
2023-08-15,25.9,18.1,22.2,0.0,0.0,0.0,0
2023-08-16,26.6,17.8,21.9,0.0,0.0,0.0,0
2023-08-17,23.9,17.6,20.9,0.0,0.0,0.0,0
2023-08-18,20.3,14.2,17.0,0.0,0.0,0.0,0
2023-08-19,22.9,13.9,17.9,0.0,0.0,0.0,0
2023-08-20,21.5,14.4,17.7,0.0,0.0,0.0,0
2023-08-21,21.4,11.9,16.8,0.0,0.0,0.0,0
2023-08-22,20.6,12.6,16.5,0.0,0.0,0.0,0
2023-08-23,21.0,13.7,16.8,0.0,0.0,0.0,0
2023-08-24,21.7,12.1,17.4,0.0,0.0,0.0,0
2023-08-25,25.5,16.4,20.0,0.1,0.0,0.0,0
2023-08-26,26.1,15.2,20.8,0.0,0.0,0.0,0
2023-08-27,28.5,16.7,22.7,0.0,0.0,0.0,0
2023-08-28,23.7,15.0,18.7,0.0,0.0,0.0,0
2023-08-29,18.5,14.8,16.1,9.1,0.0,0.0,0
2023-08-30,20.9,14.9,17.3,0.8,0.0,0.0,0
2023-08-31,19.4,13.9,16.6,3.5,0.0,0.0,0
2023-09-01,22.1,14.8,17.7,0.0,0.0,0.0,0
2023-09-02,22.8,14.1,18.7,0.0,0.0,0.0,0
2023-09-03,18.9,14.1,16.6,2.4,0.0,0.0,0
2023-09-04,17.9,13.1,15.0,0.0,0.0,0.0,0
2023-09-05,18.8,13.2,15.5,0.2,0.0,0.0,0
2023-09-06,18.5,11.9,14.7,1.5,0.0,0.0,0
2023-09-07,19.1,12.8,15.9,0.0,0.0,0.0,0
2023-09-08,19.5,12.2,15.3,0.0,0.0,0.0,0
2023-09-09,22.1,11.9,17.3,0.0,0.0,0.0,0
2023-09-10,23.6,13.4,18.2,0.0,0.0,0.0,0
2023-09-11,20.5,15.1,17.0,1.5,0.0,0.0,0
2023-09-12,16.2,13.1,14.6,2.9,0.0,0.0,0
2023-09-13,18.9,11.2,15.2,0.0,0.0,0.0,0
2023-09-14,20.6,11.1,16.1,0.0,0.0,0.0,0
2023-09-15,21.5,12.7,17.9,0.0,0.0,0.0,0
2023-09-16,21.9,12.6,17.0,0.0,0.0,0.0,0
2023-09-17,19.0,11.9,15.5,2.2,0.0,0.0,0
2023-09-18,16.5,12.4,14.6,3.7,0.0,0.0,0
2023-09-19,15.4,10.4,12.2,16.7,0.0,0.0,0
2023-09-20,15.7,10.0,12.8,1.6,0.0,0.0,0
2023-09-21,18.5,9.6,13.9,0.0,0.0,0.0,0
2023-09-22,19.9,9.6,14.7,0.0,0.0,0.0,0
2023-09-23,15.5,10.9,13.1,9.1,0.0,0.0,0
2023-09-24,18.3,8.3,13.3,4.6,0.0,0.0,0
2023-09-25,14.9,12.3,13.9,22.8,0.0,0.0,0
2023-09-26,15.4,10.9,12.9,18.2,0.0,0.0,0
2023-09-27,14.2,11.3,12.3,6.5,0.0,0.0,0
2023-09-28,13.6,9.5,11.4,7.0,0.0,0.0,0
2023-09-29,13.3,6.8,10.4,0.6,0.0,0.0,0
2023-09-30,14.2,9.1,11.4,0.0,0.0,0.0,0
2023-10-01,15.0,7.6,11.3,0.0,0.0,0.0,0
2023-10-02,12.1,9.4,11.1,11.2,0.0,0.0,0
2023-10-03,13.7,9.6,11.6,0.0,0.0,0.0,0
2023-10-04,14.6,10.4,12.5,0.0,0.0,0.0,0
2023-10-05,15.8,10.1,13.0,0.0,0.0,0.0,0
2023-10-06,18.4,11.1,14.6,0.0,0.0,0.0,0
2023-10-07,20.7,12.6,16.9,0.0,0.0,0.0,0
2023-10-08,21.4,13.2,16.3,0.0,0.0,0.0,0
2023-10-09,16.9,12.5,15.1,9.4,0.0,0.0,0
2023-10-10,12.8,10.7,11.5,11.2,0.0,0.0,0
2023-10-11,15.9,9.4,12.4,0.7,0.0,0.0,0
2023-10-12,14.9,8.2,11.6,0.0,0.0,0.0,0
2023-10-13,19.6,8.8,13.8,2.1,0.0,0.0,0
2023-10-14,16.6,11.9,13.3,5.6,0.0,0.0,0
2023-10-15,19.5,12.1,14.6,15.7,0.0,0.0,0
2023-10-16,15.7,9.1,13.0,14.3,0.0,0.0,0
2023-10-17,12.1,8.4,10.3,19.3,0.0,0.0,0
2023-10-18,13.6,10.6,12.3,47.0,0.0,0.0,0
2023-10-19,14.6,12.9,13.7,22.8,0.0,0.0,0
2023-10-20,12.7,10.6,11.6,0.0,0.0,0.0,0
2023-10-21,13.1,9.5,11.0,0.0,0.0,0.0,0
2023-10-22,12.4,7.8,10.4,0.6,0.0,0.0,0
2023-10-23,9.8,8.0,8.7,0.1,0.0,0.0,0
2023-10-24,7.9,4.1,6.0,25.0,0.42,0.0,0
2023-10-25,8.6,3.0,5.6,5.0,0.0,0.0,0
2023-10-26,8.6,1.5,5.5,0.0,0.0,0.0,0
2023-10-27,7.6,2.1,4.9,0.0,0.0,0.0,0
2023-10-28,7.2,-0.7,4.2,0.0,0.0,0.0,1
2023-10-29,8.9,2.7,5.7,0.0,0.0,0.0,0
2023-10-30,9.7,1.8,6.3,0.0,0.0,0.0,0
2023-10-31,10.4,2.3,6.9,0.0,0.0,0.0,0
2023-11-01,11.9,3.0,8.0,3.6,0.0,0.0,0
2023-11-02,13.1,7.5,10.0,56.0,0.0,0.0,0
2023-11-03,11.8,7.3,9.7,2.7,0.0,0.0,0
2023-11-04,14.2,9.4,11.7,35.2,0.0,0.0,0
2023-11-05,11.8,8.1,9.7,39.2,0.0,0.0,0
2023-11-06,11.1,8.9,9.5,16.0,0.0,0.0,0
2023-11-07,9.3,6.7,8.6,3.3,0.0,0.0,0
2023-11-08,8.4,5.5,7.1,1.3,0.0,0.0,0
2023-11-09,9.7,4.1,6.8,6.6,0.0,0.0,0
2023-11-10,8.1,5.1,7.0,19.2,0.0,0.0,0
2023-11-11,10.6,4.3,8.2,30.7,0.0,0.0,0
2023-11-12,9.4,4.0,7.1,11.8,0.0,0.0,0
2023-11-13,7.9,2.0,6.3,1.1,0.0,0.0,0
2023-11-14,7.6,1.3,4.4,0.0,0.0,0.0,0
2023-11-15,7.1,2.5,4.4,0.4,0.0,0.0,0
2023-11-16,6.7,0.8,3.1,0.0,0.0,0.0,0
2023-11-17,8.1,1.5,5.2,0.0,0.0,0.0,0
2023-11-18,10.1,3.0,7.0,1.0,0.0,0.0,0
2023-11-19,8.5,5.7,7.2,11.6,0.0,0.0,0
2023-11-20,8.4,3.3,5.4,0.0,0.0,0.0,0
2023-11-21,9.4,2.9,6.2,8.3,0.0,0.0,0
2023-11-22,7.4,3.0,5.7,0.0,0.0,0.0,0
2023-11-23,6.9,2.0,3.9,0.0,0.0,0.0,0
2023-11-24,6.7,1.7,4.6,0.0,0.0,0.0,0
2023-11-25,6.6,1.9,3.8,0.0,0.0,0.0,0
2023-11-26,6.2,1.8,4.3,0.0,0.0,0.0,0
2023-11-27,6.8,2.0,4.0,0.0,0.0,0.0,0
2023-11-28,4.9,0.4,2.6,0.0,0.0,0.0,0
2023-11-29,4.6,-0.1,2.3,0.0,0.0,0.0,1
2023-11-30,5.6,-0.9,2.5,5.3,0.49,0.0,1
2023-12-01,4.1,1.6,3.1,14.8,0.0,0.02,0
2023-12-02,7.2,2.1,4.6,16.9,0.0,0.03,0
2023-12-03,7.5,3.4,5.2,8.7,0.21,0.02,0
2023-12-04,9.0,4.2,6.5,45.1,0.0,0.01,0
2023-12-05,11.1,7.8,9.4,15.8,0.0,0.0,0
2023-12-06,8.6,2.0,6.9,7.8,0.0,0.0,0
2023-12-07,5.6,2.0,4.4,4.5,0.0,0.0,0
2023-12-08,4.6,-0.9,1.9,0.0,0.0,0.0,1
2023-12-09,4.8,2.0,2.9,22.6,7.35,0.02,0
2023-12-10,6.7,4.2,5.5,9.3,0.0,0.04,0
2023-12-11,7.8,2.6,5.5,0.3,0.0,0.03,0
2023-12-12,5.7,2.3,3.8,0.0,0.0,0.02,0
2023-12-13,8.3,1.8,4.9,1.0,0.0,0.02,0
2023-12-14,7.3,3.0,5.5,10.0,0.0,0.02,0
2023-12-15,9.4,4.6,6.7,7.2,0.0,0.01,0
2023-12-16,7.6,2.7,5.1,0.0,0.0,0.01,0
2023-12-17,7.6,3.5,6.1,7.6,0.0,0.01,0
2023-12-18,8.1,3.7,6.3,6.4,0.0,0.0,0
2023-12-19,8.9,6.1,7.5,8.9,0.0,0.0,0
2023-12-20,9.6,7.9,8.7,1.4,0.0,0.0,0
2023-12-21,9.1,6.6,8.1,3.8,0.0,0.0,0
2023-12-22,7.5,4.2,6.3,7.2,0.0,0.0,0
2023-12-23,5.0,-0.2,2.3,0.0,0.0,0.0,1
2023-12-24,5.2,-0.5,2.4,0.7,0.07,0.0,1
2023-12-25,9.1,4.2,6.8,16.5,0.14,0.0,0
2023-12-26,9.1,5.0,7.2,6.1,0.0,0.0,0
2023-12-27,10.3,5.3,7.5,4.9,0.0,0.0,0
2023-12-28,10.1,7.1,8.8,22.0,0.0,0.0,0
2023-12-29,10.3,6.4,8.5,0.1,0.0,0.0,0
2023-12-30,10.0,7.6,9.1,21.1,0.0,0.0,0
2023-12-31,7.3,3.2,6.1,9.0,0.0,0.0,0
2024-01-01,6.1,2.5,4.5,0.0,0.0,0.0,0
2024-01-02,6.5,3.8,5.2,7.4,0.0,0.0,0
2024-01-03,8.8,3.6,6.4,2.4,0.0,0.0,0
2024-01-04,7.0,2.5,5.8,12.9,0.0,0.0,0
2024-01-05,6.3,2.7,4.8,15.8,0.0,0.0,0
2024-01-06,5.7,0.9,3.7,5.5,0.0,0.0,0
2024-01-07,3.9,-0.4,2.0,0.4,0.0,0.0,1
2024-01-08,3.5,-0.4,1.5,25.2,7.56,0.01,1
2024-01-09,7.0,2.9,5.2,11.4,0.0,0.02,0
2024-01-10,4.0,-0.1,2.1,0.7,0.0,0.01,1
2024-01-11,3.2,-9.6,-1.9,0.9,0.63,0.02,1
2024-01-12,-9.4,-14.1,-11.6,0.0,0.0,0.02,0
2024-01-13,-4.7,-12.9,-8.9,0.0,0.0,0.02,0
2024-01-14,-1.0,-8.1,-5.1,0.0,0.0,0.02,0
2024-01-15,0.3,-6.1,-2.8,0.0,0.0,0.02,1
2024-01-16,1.0,-4.9,-1.5,0.0,0.0,0.02,1
2024-01-17,0.6,-6.2,-1.4,23.7,16.52,0.09,1
2024-01-18,-0.7,-7.6,-3.4,5.4,2.38,0.13,0
2024-01-19,4.0,-0.3,1.1,16.8,0.14,0.14,1
2024-01-20,4.4,1.9,3.1,0.3,0.0,0.12,0
2024-01-21,7.6,2.5,4.6,19.0,0.0,0.08,0
2024-01-22,5.7,3.2,4.9,18.0,0.0,0.04,0
2024-01-23,7.5,5.6,6.3,16.8,0.0,0.02,0
2024-01-24,7.2,5.1,6.0,19.3,0.0,0.01,0
2024-01-25,6.7,5.3,6.1,23.4,0.0,0.0,0
2024-01-26,9.6,6.2,7.7,12.2,0.0,0.0,0
2024-01-27,10.1,6.3,8.5,32.7,0.0,0.0,0
2024-01-28,12.2,8.5,10.7,26.0,0.0,0.0,0
2024-01-29,13.1,10.6,12.0,1.3,0.0,0.0,0
2024-01-30,14.3,8.9,11.2,7.6,0.0,0.0,0
2024-01-31,11.9,8.8,10.8,16.1,0.0,0.0,0
2024-02-01,10.9,7.8,9.6,9.3,0.0,0.0,0
2024-02-02,9.2,4.8,7.6,6.5,0.0,0.0,0
2024-02-03,7.1,3.8,5.6,0.1,0.0,0.0,0
2024-02-04,6.4,2.0,3.9,0.0,0.0,0.0,0
2024-02-05,5.4,1.2,3.9,0.0,0.0,0.0,0
2024-02-06,7.4,1.4,4.3,0.2,0.0,0.0,0
2024-02-07,6.7,1.3,4.1,0.2,0.0,0.0,0
2024-02-08,5.3,1.2,3.4,0.0,0.0,0.0,0
2024-02-09,6.3,-0.6,2.6,0.0,0.0,0.0,1
2024-02-10,5.6,0.9,3.4,1.0,0.0,0.0,0
2024-02-11,6.6,3.8,5.3,23.8,0.0,0.0,0
2024-02-12,7.4,3.0,5.7,10.9,0.0,0.0,0
2024-02-13,6.2,0.6,3.8,0.0,0.0,0.0,0
2024-02-14,7.3,-1.6,2.7,0.0,0.0,0.0,1
2024-02-15,5.8,-1.3,2.5,0.0,0.0,0.0,1
2024-02-16,9.8,-3.4,1.8,0.0,0.0,0.0,1
2024-02-17,7.2,-1.1,3.2,0.0,0.0,0.0,1
2024-02-18,6.9,3.5,5.1,0.1,0.0,0.0,0
2024-02-19,8.9,2.5,5.6,3.1,0.0,0.0,0
2024-02-20,9.1,4.2,6.3,6.2,0.0,0.0,0
2024-02-21,9.8,5.3,7.4,5.6,0.0,0.0,0
2024-02-22,10.1,4.6,7.7,3.4,0.0,0.0,0
2024-02-23,7.8,3.4,5.8,0.2,0.0,0.0,0
2024-02-24,7.5,5.0,6.4,3.1,0.0,0.0,0
2024-02-25,8.6,2.5,6.1,8.1,0.0,0.0,0
2024-02-26,4.8,0.6,2.6,0.0,0.0,0.0,0
2024-02-27,3.9,-2.3,0.7,3.9,2.38,0.0,1
2024-02-28,8.1,1.5,5.3,41.1,0.21,0.02,0
2024-02-29,5.3,0.9,3.2,17.6,7.56,0.02,0
2024-03-01,3.8,0.0,1.7,19.0,10.92,0.05,0
2024-03-02,3.0,-1.0,0.8,15.6,9.94,0.06,1
2024-03-03,3.0,0.8,1.7,13.6,8.61,0.06,0
2024-03-04,4.2,-0.9,1.1,3.2,1.96,0.09,1
2024-03-05,3.7,-4.7,-0.9,0.0,0.0,0.09,1
2024-03-06,3.7,-3.8,-0.2,0.0,0.0,0.08,1
2024-03-07,5.8,-3.2,1.2,0.0,0.0,0.06,1
2024-03-08,5.8,2.3,3.9,8.7,0.0,0.05,0
2024-03-09,8.6,4.4,6.0,9.0,0.0,0.02,0
2024-03-10,7.9,4.9,6.0,5.5,0.0,0.0,0
2024-03-11,6.5,2.5,4.9,11.8,0.35,0.0,0
2024-03-12,8.9,2.3,5.9,7.2,0.07,0.0,0
2024-03-13,9.0,1.5,4.8,0.8,0.0,0.0,0
2024-03-14,9.1,0.9,5.0,0.0,0.0,0.0,0
2024-03-15,11.9,3.9,7.5,0.0,0.0,0.0,0
2024-03-16,17.1,4.2,10.5,0.0,0.0,0.0,0
2024-03-17,15.9,7.5,11.8,0.0,0.0,0.0,0
2024-03-18,13.2,5.1,8.9,0.0,0.0,0.0,0
2024-03-19,13.2,4.3,8.2,0.0,0.0,0.0,0
2024-03-20,9.6,4.6,7.1,0.3,0.0,0.0,0
2024-03-21,11.2,5.3,8.2,0.9,0.0,0.0,0
2024-03-22,11.1,7.2,8.6,5.6,0.0,0.0,0
2024-03-23,9.3,5.8,7.8,11.9,0.0,0.0,0
2024-03-24,11.6,3.0,6.8,0.0,0.0,0.0,0
2024-03-25,9.1,5.2,7.0,7.0,0.0,0.0,0
2024-03-26,9.9,4.6,7.1,3.5,0.0,0.0,0
2024-03-27,8.6,5.3,6.7,15.6,0.0,0.0,0
2024-03-28,11.1,4.9,7.3,11.8,0.0,0.0,0
2024-03-29,10.5,5.2,7.4,6.0,0.0,0.0,0
2024-03-30,9.9,3.5,6.9,0.0,0.0,0.0,0
2024-03-31,11.6,3.2,7.4,0.0,0.0,0.0,0
2024-04-01,14.2,4.9,9.4,0.0,0.0,0.0,0
2024-04-02,12.2,6.6,9.5,11.1,0.0,0.0,0
2024-04-03,9.1,3.0,6.1,0.2,0.0,0.0,0
2024-04-04,9.4,3.2,6.3,0.2,0.0,0.0,0
2024-04-05,11.5,3.2,7.3,0.4,0.0,0.0,0
2024-04-06,8.9,4.4,6.9,1.7,0.0,0.0,0
2024-04-07,9.8,5.0,6.9,3.7,0.0,0.0,0
2024-04-08,8.1,4.6,6.3,18.4,0.0,0.0,0
2024-04-09,10.8,5.7,8.1,0.5,0.0,0.0,0
2024-04-10,12.1,3.3,7.7,0.0,0.0,0.0,0
2024-04-11,7.8,5.8,7.0,7.4,0.0,0.0,0
2024-04-12,10.6,6.4,8.1,0.5,0.0,0.0,0
2024-04-13,12.1,4.5,8.4,0.0,0.0,0.0,0
2024-04-14,12.8,4.9,8.8,0.0,0.0,0.0,0
2024-04-15,9.8,6.3,7.6,0.1,0.0,0.0,0
2024-04-16,9.8,3.8,6.6,0.0,0.0,0.0,0
2024-04-17,11.4,3.6,7.4,0.0,0.0,0.0,0
2024-04-18,12.5,3.2,8.6,0.0,0.0,0.0,0
2024-04-19,13.9,3.5,9.3,0.0,0.0,0.0,0
2024-04-20,19.7,5.6,10.6,6.3,0.0,0.0,0
2024-04-21,11.5,5.0,8.3,2.0,0.0,0.0,0
2024-04-22,13.1,3.2,8.0,0.0,0.0,0.0,0
2024-04-23,17.0,7.4,11.6,0.0,0.0,0.0,0
2024-04-24,10.1,8.0,9.1,5.7,0.0,0.0,0
2024-04-25,9.6,7.3,8.5,17.4,0.0,0.0,0
2024-04-26,12.9,7.7,9.9,14.7,0.0,0.0,0
2024-04-27,10.0,8.0,8.9,16.9,0.0,0.0,0
2024-04-28,11.1,4.0,8.2,2.0,0.0,0.0,0
2024-04-29,10.1,3.0,6.9,0.9,0.0,0.0,0
2024-04-30,10.8,3.6,7.4,1.4,0.0,0.0,0
2024-05-01,12.3,4.2,8.2,0.1,0.0,0.0,0
2024-05-02,15.0,4.7,10.2,0.0,0.0,0.0,0
2024-05-03,19.5,6.2,12.9,0.0,0.0,0.0,0
2024-05-04,17.2,10.0,12.9,1.4,0.0,0.0,0
2024-05-05,13.7,8.5,11.0,5.6,0.0,0.0,0
2024-05-06,12.8,7.6,9.4,9.3,0.0,0.0,0
2024-05-07,13.1,5.3,9.2,0.6,0.0,0.0,0
2024-05-08,14.1,5.3,9.8,0.0,0.0,0.0,0
2024-05-09,18.6,8.2,13.6,0.0,0.0,0.0,0
2024-05-10,20.5,10.1,16.5,0.0,0.0,0.0,0
2024-05-11,18.5,10.1,14.9,0.0,0.0,0.0,0
2024-05-12,17.8,10.2,13.7,0.0,0.0,0.0,0
2024-05-13,15.4,8.9,13.1,0.0,0.0,0.0,0
2024-05-14,16.7,9.4,12.8,0.0,0.0,0.0,0
2024-05-15,18.0,9.2,13.9,0.0,0.0,0.0,0
2024-05-16,17.1,9.9,13.1,1.6,0.0,0.0,0
2024-05-17,15.2,7.8,11.3,0.1,0.0,0.0,0
2024-05-18,12.2,8.1,10.0,6.8,0.0,0.0,0
2024-05-19,14.1,7.2,10.5,0.1,0.0,0.0,0
2024-05-20,14.9,6.4,11.5,0.0,0.0,0.0,0
2024-05-21,11.4,8.8,10.0,32.1,0.0,0.0,0
2024-05-22,14.6,6.3,10.4,2.9,0.0,0.0,0
2024-05-23,16.2,9.2,12.0,0.0,0.0,0.0,0
2024-05-24,11.6,9.4,10.7,4.9,0.0,0.0,0
2024-05-25,12.4,9.3,10.8,2.0,0.0,0.0,0
2024-05-26,11.1,8.1,9.9,11.3,0.0,0.0,0
2024-05-27,14.8,9.4,11.8,1.1,0.0,0.0,0
2024-05-28,14.6,8.7,11.5,9.4,0.0,0.0,0
2024-05-29,12.4,6.2,9.7,2.6,0.0,0.0,0
2024-05-30,13.6,7.2,10.8,0.0,0.0,0.0,0
2024-05-31,16.6,6.7,12.0,0.0,0.0,0.0,0
2024-06-01,15.7,11.3,13.0,4.3,0.0,0.0,0
2024-06-02,12.4,11.1,11.8,30.7,0.0,0.0,0
2024-06-03,13.4,10.1,11.5,18.3,0.0,0.0,0
2024-06-04,15.6,9.4,12.0,9.1,0.0,0.0,0
2024-06-05,16.0,7.3,12.0,0.4,0.0,0.0,0
2024-06-06,17.1,8.9,13.0,0.0,0.0,0.0,0
2024-06-07,20.0,8.4,14.8,0.0,0.0,0.0,0
2024-06-08,23.0,13.1,17.9,0.0,0.0,0.0,0
2024-06-09,21.0,11.9,16.5,0.2,0.0,0.0,0
2024-06-10,18.0,10.4,13.8,0.0,0.0,0.0,0
2024-06-11,16.6,12.1,13.9,9.2,0.0,0.0,0
2024-06-12,16.0,10.6,13.1,0.0,0.0,0.0,0
2024-06-13,19.0,8.2,13.7,0.0,0.0,0.0,0
2024-06-14,15.9,8.8,12.6,0.3,0.0,0.0,0
2024-06-15,13.6,8.6,11.2,5.4,0.0,0.0,0
2024-06-16,12.8,8.3,10.6,5.9,0.0,0.0,0
2024-06-17,15.8,9.2,12.6,0.1,0.0,0.0,0
2024-06-18,16.6,10.2,13.3,0.1,0.0,0.0,0
2024-06-19,20.3,9.9,15.4,0.0,0.0,0.0,0
2024-06-20,22.9,11.7,17.7,0.0,0.0,0.0,0
2024-06-21,24.3,13.0,19.8,0.0,0.0,0.0,0
2024-06-22,21.1,14.4,17.5,0.3,0.0,0.0,0
2024-06-23,17.2,13.4,15.1,0.3,0.0,0.0,0
2024-06-24,18.2,10.8,14.7,0.3,0.0,0.0,0
2024-06-25,21.7,12.1,16.8,0.0,0.0,0.0,0
2024-06-26,18.0,13.6,15.4,3.4,0.0,0.0,0
2024-06-27,16.6,12.8,14.3,3.6,0.0,0.0,0
2024-06-28,18.0,11.8,14.9,2.0,0.0,0.0,0
2024-06-29,19.5,13.2,16.0,0.8,0.0,0.0,0
2024-06-30,21.9,13.9,17.4,2.5,0.0,0.0,0
2024-07-01,20.5,13.0,16.9,0.1,0.0,0.0,0
2024-07-02,19.3,11.4,15.7,0.1,0.0,0.0,0
2024-07-03,19.1,12.0,15.8,0.0,0.0,0.0,0
2024-07-04,21.3,12.6,17.1,0.0,0.0,0.0,0
2024-07-05,23.2,13.6,19.1,0.0,0.0,0.0,0
2024-07-06,25.9,14.9,20.2,0.0,0.0,0.0,0
2024-07-07,27.2,17.8,22.4,0.0,0.0,0.0,0
2024-07-08,27.5,16.8,22.8,0.0,0.0,0.0,0
2024-07-09,29.1,17.8,23.8,0.0,0.0,0.0,0
2024-07-10,26.3,16.9,22.2,0.0,0.0,0.0,0
2024-07-11,21.5,15.6,18.7,0.0,0.0,0.0,0
2024-07-12,24.5,15.4,19.9,0.0,0.0,0.0,0
2024-07-13,24.2,16.2,20.1,0.0,0.0,0.0,0
2024-07-14,24.1,16.4,20.6,0.0,0.0,0.0,0
2024-07-15,22.9,13.8,19.0,0.0,0.0,0.0,0
2024-07-16,26.4,15.7,21.1,0.0,0.0,0.0,0
2024-07-17,27.5,17.7,22.9,0.0,0.0,0.0,0
2024-07-18,24.9,16.4,20.7,0.0,0.0,0.0,0
2024-07-19,24.6,15.9,20.4,0.0,0.0,0.0,0
2024-07-20,26.9,17.0,21.7,0.0,0.0,0.0,0
2024-07-21,24.7,17.0,20.4,0.2,0.0,0.0,0
2024-07-22,23.0,14.8,18.1,0.0,0.0,0.0,0
2024-07-23,22.7,13.0,17.2,0.0,0.0,0.0,0
2024-07-24,22.1,13.6,17.6,0.1,0.0,0.0,0
2024-07-25,21.0,15.6,17.8,1.9,0.0,0.0,0
2024-07-26,21.0,12.3,17.0,0.0,0.0,0.0,0
2024-07-27,22.1,14.0,18.2,0.0,0.0,0.0,0
2024-07-28,22.7,13.9,18.0,0.0,0.0,0.0,0
2024-07-29,17.9,15.4,16.4,11.3,0.0,0.0,0
2024-07-30,19.8,15.6,17.5,0.5,0.0,0.0,0
2024-07-31,22.4,16.6,18.7,0.1,0.0,0.0,0
2024-08-01,24.6,16.1,20.3,0.0,0.0,0.0,0
2024-08-02,26.0,15.1,21.2,0.0,0.0,0.0,0
2024-08-03,23.6,15.7,19.9,0.0,0.0,0.0,0
2024-08-04,25.0,16.1,20.6,0.0,0.0,0.0,0
2024-08-05,24.5,15.4,20.2,0.0,0.0,0.0,0
2024-08-06,21.0,14.6,17.7,0.0,0.0,0.0,0
2024-08-07,24.8,14.4,19.2,0.0,0.0,0.0,0
2024-08-08,26.7,14.9,21.1,0.0,0.0,0.0,0
2024-08-09,28.3,16.2,22.0,0.0,0.0,0.0,0
2024-08-10,24.8,15.9,20.7,0.0,0.0,0.0,0
2024-08-11,21.5,15.7,18.4,0.0,0.0,0.0,0
2024-08-12,19.8,15.3,17.0,0.0,0.0,0.0,0
2024-08-13,21.0,15.4,17.8,0.0,0.0,0.0,0
2024-08-14,22.6,15.7,18.6,0.0,0.0,0.0,0
2024-08-15,24.0,14.0,18.9,0.0,0.0,0.0,0
2024-08-16,22.5,14.4,18.2,0.0,0.0,0.0,0
2024-08-17,25.1,16.2,20.3,0.0,0.0,0.0,0
2024-08-18,21.9,15.6,18.7,8.8,0.0,0.0,0
2024-08-19,21.0,14.2,17.7,0.1,0.0,0.0,0
2024-08-20,20.6,15.2,17.2,1.8,0.0,0.0,0
2024-08-21,18.5,13.9,15.9,1.9,0.0,0.0,0
2024-08-22,19.4,14.0,16.7,11.7,0.0,0.0,0
2024-08-23,17.6,13.2,15.3,11.7,0.0,0.0,0
2024-08-24,18.8,13.7,15.5,23.1,0.0,0.0,0
2024-08-25,20.0,13.1,15.9,0.2,0.0,0.0,0
2024-08-26,19.4,13.7,15.7,18.3,0.0,0.0,0
2024-08-27,17.0,12.6,14.6,0.5,0.0,0.0,0
2024-08-28,16.5,10.1,13.5,0.0,0.0,0.0,0
2024-08-29,20.0,12.2,16.2,0.0,0.0,0.0,0
2024-08-30,21.2,14.4,17.9,0.0,0.0,0.0,0
2024-08-31,23.7,15.5,19.6,0.0,0.0,0.0,0
2024-09-01,24.6,15.1,19.8,0.0,0.0,0.0,0
2024-09-02,19.9,14.4,17.0,0.1,0.0,0.0,0
2024-09-03,19.1,14.1,16.1,0.1,0.0,0.0,0
2024-09-04,22.4,13.9,18.0,0.0,0.0,0.0,0
2024-09-05,25.7,17.7,22.0,0.0,0.0,0.0,0
2024-09-06,26.1,16.8,21.7,0.0,0.0,0.0,0
2024-09-07,25.1,16.9,20.2,0.0,0.0,0.0,0
2024-09-08,23.1,14.4,18.5,0.0,0.0,0.0,0
2024-09-09,19.2,13.9,16.3,0.6,0.0,0.0,0
2024-09-10,19.5,12.9,15.7,0.8,0.0,0.0,0
2024-09-11,16.4,13.0,14.5,5.0,0.0,0.0,0
2024-09-12,18.0,12.6,15.1,0.3,0.0,0.0,0
2024-09-13,15.8,11.9,13.7,6.2,0.0,0.0,0
2024-09-14,16.4,12.4,14.1,3.3,0.0,0.0,0
2024-09-15,16.5,10.9,13.8,0.0,0.0,0.0,0
2024-09-16,18.0,10.9,14.2,0.0,0.0,0.0,0
2024-09-17,15.4,11.4,13.3,0.9,0.0,0.0,0
2024-09-18,17.7,11.9,14.6,0.0,0.0,0.0,0
2024-09-19,16.2,11.2,13.5,0.0,0.0,0.0,0
2024-09-20,15.8,11.0,13.1,0.0,0.0,0.0,0
2024-09-21,16.8,9.9,13.1,0.0,0.0,0.0,0
2024-09-22,15.6,10.9,13.5,2.7,0.0,0.0,0
2024-09-23,17.8,13.9,15.5,2.2,0.0,0.0,0
2024-09-24,20.4,13.1,17.0,0.2,0.0,0.0,0
2024-09-25,15.9,12.2,14.0,32.7,0.0,0.0,0
2024-09-26,13.1,9.9,11.8,10.1,0.0,0.0,0
2024-09-27,16.5,9.9,13.3,7.6,0.0,0.0,0
2024-09-28,13.7,9.2,11.6,0.0,0.0,0.0,0
2024-09-29,13.6,8.6,11.2,0.3,0.0,0.0,0
2024-09-30,14.3,6.1,10.4,0.0,0.0,0.0,0
2024-10-01,12.4,9.1,11.0,2.0,0.0,0.0,0
2024-10-02,13.9,8.4,10.8,0.0,0.0,0.0,0
2024-10-03,14.1,6.4,10.3,0.0,0.0,0.0,0
2024-10-04,14.6,9.7,11.5,20.8,0.0,0.0,0
2024-10-05,15.1,8.1,11.5,0.0,0.0,0.0,0
2024-10-06,16.6,10.6,12.8,0.4,0.0,0.0,0
2024-10-07,19.9,9.5,14.1,2.5,0.0,0.0,0
2024-10-08,15.0,12.2,13.4,19.3,0.0,0.0,0
2024-10-09,14.4,9.2,11.8,4.2,0.0,0.0,0
2024-10-10,12.6,7.8,10.3,0.0,0.0,0.0,0
2024-10-11,14.3,7.2,10.3,0.0,0.0,0.0,0
2024-10-12,17.7,8.2,13.2,0.0,0.0,0.0,0
2024-10-13,17.8,9.1,13.2,0.0,0.0,0.0,0
2024-10-14,15.4,11.4,13.2,10.7,0.0,0.0,0
2024-10-15,13.2,10.4,11.7,0.2,0.0,0.0,0
2024-10-16,12.8,6.9,10.4,6.4,0.0,0.0,0
2024-10-17,10.6,5.5,8.4,1.6,0.0,0.0,0
2024-10-18,8.9,6.7,7.9,35.7,0.0,0.0,0
2024-10-19,13.2,9.1,11.8,79.9,0.0,0.0,0
2024-10-20,13.2,8.9,10.8,31.0,0.0,0.0,0
2024-10-21,11.1,7.5,9.3,0.2,0.0,0.0,0
2024-10-22,11.4,7.7,9.1,15.8,0.0,0.0,0
2024-10-23,9.4,5.7,7.6,0.8,0.0,0.0,0
2024-10-24,10.0,3.9,6.8,0.2,0.0,0.0,0
2024-10-25,10.6,4.0,7.5,0.0,0.0,0.0,0
2024-10-26,13.9,9.8,11.3,13.6,0.0,0.0,0
2024-10-27,11.9,8.3,10.2,16.5,0.0,0.0,0
2024-10-28,10.3,7.7,8.8,19.6,0.0,0.0,0
2024-10-29,9.9,6.8,7.9,1.4,0.0,0.0,0
2024-10-30,10.1,6.3,8.1,19.4,0.0,0.0,0
2024-10-31,10.9,5.8,7.9,11.0,0.0,0.0,0
2024-11-01,8.8,6.6,7.4,12.3,0.0,0.0,0
2024-11-02,8.8,5.9,7.4,4.7,0.0,0.0,0
2024-11-03,9.0,6.0,7.6,0.9,0.0,0.0,0
2024-11-04,10.6,6.7,8.4,22.5,0.0,0.0,0
2024-11-05,8.9,4.0,6.6,0.0,0.0,0.0,0
2024-11-06,9.4,4.8,7.1,0.0,0.0,0.0,0
2024-11-07,12.7,6.2,9.4,0.0,0.0,0.0,0
2024-11-08,11.5,8.2,9.6,18.7,0.0,0.0,0
2024-11-09,10.1,8.1,9.2,11.2,0.0,0.0,0
2024-11-10,12.3,8.0,10.1,4.9,0.0,0.0,0
2024-11-11,10.4,7.5,9.0,24.4,0.0,0.0,0
2024-11-12,8.8,6.8,7.9,16.5,0.0,0.0,0
2024-11-13,9.6,7.6,8.7,45.4,0.0,0.0,0
2024-11-14,9.2,5.6,8.0,10.9,0.0,0.0,0
2024-11-15,6.6,3.0,4.7,0.0,0.0,0.0,0
2024-11-16,5.3,2.3,3.8,23.5,0.56,0.01,0
2024-11-17,7.9,1.9,5.9,10.1,1.26,0.01,0
2024-11-18,4.8,0.4,2.5,18.7,9.73,0.02,0
2024-11-19,7.2,1.5,4.6,5.0,1.75,0.04,0
2024-11-20,8.9,4.9,6.8,3.7,0.0,0.02,0
2024-11-21,10.6,3.2,6.6,12.9,3.5,0.01,0
2024-11-22,10.4,3.8,7.1,13.2,0.0,0.0,0
2024-11-23,6.8,3.0,4.9,69.4,9.03,0.0,0
2024-11-24,6.6,3.2,5.1,4.8,0.0,0.0,0
2024-11-25,4.8,3.2,4.1,0.2,0.0,0.0,0
2024-11-26,4.9,1.0,2.3,0.0,0.0,0.0,0
2024-11-27,4.9,1.8,3.3,0.4,0.0,0.0,0
2024-11-28,5.2,0.8,2.7,0.0,0.0,0.0,0
2024-11-29,4.2,1.9,3.0,1.6,0.0,0.0,0
2024-11-30,5.3,3.8,4.6,2.2,0.0,0.0,0
2024-12-01,7.4,2.8,4.9,0.0,0.0,0.0,0
2024-12-02,6.2,1.5,3.7,0.0,0.0,0.0,0
2024-12-03,6.8,2.4,4.2,0.0,0.0,0.0,0
2024-12-04,7.1,2.5,4.1,0.0,0.0,0.0,0
2024-12-05,7.1,0.9,4.2,0.0,0.0,0.0,0
2024-12-06,10.2,5.0,7.4,11.3,0.0,0.0,0
2024-12-07,9.9,5.6,8.2,21.4,0.0,0.0,0
2024-12-08,6.8,3.3,5.3,3.7,0.0,0.0,0
2024-12-09,6.7,3.0,4.6,0.1,0.0,0.0,0
2024-12-10,5.3,2.0,3.8,0.3,0.0,0.0,0
2024-12-11,8.6,2.8,4.6,0.0,0.0,0.0,0
2024-12-12,4.5,1.0,3.3,0.9,0.0,0.0,0
2024-12-13,7.7,4.4,6.4,13.7,0.0,0.0,0
2024-12-14,8.1,5.2,6.6,13.7,0.14,0.0,0
2024-12-15,5.2,1.6,3.5,3.2,0.07,0.0,0
2024-12-16,4.9,1.1,3.4,5.8,1.96,0.01,0
2024-12-17,6.6,2.2,5.2,24.4,0.0,0.01,0
2024-12-18,9.3,5.6,7.2,32.8,0.0,0.0,0
2024-12-19,9.4,5.9,7.8,22.5,0.0,0.0,0
2024-12-20,11.9,8.1,9.5,5.7,0.0,0.0,0
2024-12-21,10.2,5.8,7.8,11.4,0.0,0.0,0
2024-12-22,9.4,5.7,7.6,9.7,0.0,0.0,0
2024-12-23,9.9,4.9,7.5,5.5,0.0,0.0,0
2024-12-24,11.6,3.2,7.3,8.4,0.0,0.0,0
2024-12-25,5.8,2.8,4.7,18.2,0.98,0.0,0
2024-12-26,6.7,4.0,5.8,23.2,0.0,0.0,0
2024-12-27,7.0,3.8,5.5,6.9,0.0,0.0,0
2024-12-28,8.4,4.8,6.1,16.1,0.0,0.0,0
2024-12-29,6.2,3.3,5.1,12.6,0.0,0.0,0
2024-12-30,4.8,2.8,3.7,6.7,0.42,0.0,0
2024-12-31,6.1,3.0,4.1,0.7,0.0,0.0,0
2025-01-01,4.7,2.2,3.7,0.0,0.0,0.0,0
2025-01-02,4.8,1.0,3.5,2.9,0.0,0.0,0
2025-01-03,5.2,1.9,3.4,5.7,0.0,0.0,0
2025-01-04,7.6,4.8,6.1,7.9,0.0,0.0,0
2025-01-05,7.7,3.6,6.1,3.6,0.0,0.0,0
2025-01-06,6.8,2.8,4.1,0.0,0.0,0.0,0
2025-01-07,5.2,1.9,3.5,6.8,0.84,0.0,0
2025-01-08,8.0,2.2,4.7,1.8,0.35,0.0,0
2025-01-09,8.9,1.6,5.4,0.0,0.0,0.0,0
2025-01-10,7.5,4.3,6.1,10.3,0.0,0.0,0
2025-01-11,6.1,2.8,4.2,0.0,0.0,0.0,0
2025-01-12,6.0,2.6,4.2,0.1,0.0,0.0,0
2025-01-13,4.7,-0.1,2.3,0.0,0.0,0.0,1
2025-01-14,6.1,1.0,3.2,0.0,0.0,0.0,0
2025-01-15,7.6,1.5,3.5,0.0,0.0,0.0,0
2025-01-16,5.8,1.2,3.3,0.6,0.0,0.0,0
2025-01-17,4.8,-0.4,1.9,0.0,0.0,0.0,1
2025-01-18,5.0,-0.4,1.5,0.0,0.0,0.0,1
2025-01-19,5.0,-0.8,1.5,0.0,0.0,0.0,1
2025-01-20,3.8,-1.9,0.6,0.0,0.0,0.0,1
2025-01-21,3.0,-0.6,1.2,0.0,0.0,0.0,1
2025-01-22,4.3,-0.2,2.0,0.0,0.0,0.0,1
2025-01-23,4.3,-1.4,1.4,0.0,0.0,0.0,1
2025-01-24,4.8,-1.3,1.6,0.0,0.0,0.0,1
2025-01-25,4.5,-0.3,1.9,0.0,0.0,0.0,1
2025-01-26,4.8,-1.8,1.2,0.0,0.0,0.0,1
2025-01-27,5.1,-0.1,2.0,0.0,0.0,0.0,1
2025-01-28,5.8,-1.7,1.3,0.0,0.0,0.0,1
2025-01-29,4.7,-1.8,1.1,0.0,0.0,0.0,1
2025-01-30,3.1,1.2,2.3,4.2,0.0,0.0,0
2025-01-31,6.1,2.3,4.0,23.3,0.0,0.02,0
2025-02-01,2.8,-3.2,0.2,6.8,4.76,0.03,1
2025-02-02,-0.9,-3.0,-1.7,16.7,11.62,0.05,0
2025-02-03,-2.3,-5.8,-3.7,2.1,1.47,0.1,0
2025-02-04,-4.7,-8.2,-5.8,6.9,4.83,0.13,0
2025-02-05,-1.9,-9.1,-5.5,0.0,0.0,0.13,0
2025-02-06,0.2,-5.7,-2.4,0.0,0.0,0.13,1
2025-02-07,-0.6,-8.5,-4.7,0.0,0.0,0.12,0
2025-02-08,1.8,-4.3,-1.3,0.1,0.07,0.12,1
2025-02-09,1.4,-5.6,-2.0,0.0,0.0,0.12,1
2025-02-10,-0.1,-6.3,-3.8,0.0,0.0,0.12,0
2025-02-11,-0.4,-8.7,-4.9,0.0,0.0,0.11,0
2025-02-12,0.8,-6.9,-3.6,0.0,0.0,0.11,1
2025-02-13,1.6,-5.6,-1.9,0.0,0.0,0.11,1
2025-02-14,3.8,-3.9,0.5,0.0,0.0,0.1,1
2025-02-15,4.1,0.5,2.3,4.2,0.14,0.09,0
2025-02-16,4.8,2.0,3.4,12.8,0.14,0.07,0
2025-02-17,7.0,1.8,4.4,1.3,0.0,0.05,0
2025-02-18,8.9,1.4,5.2,0.8,0.0,0.04,0
2025-02-19,8.6,5.7,7.4,12.8,0.0,0.02,0
2025-02-20,7.5,5.2,6.5,2.3,0.0,0.0,0
2025-02-21,7.5,5.1,6.3,16.9,0.0,0.0,0
2025-02-22,9.4,6.7,8.1,17.1,0.0,0.0,0
2025-02-23,12.0,5.5,8.3,11.0,0.0,0.0,0
2025-02-24,11.4,4.9,7.5,7.2,0.0,0.0,0
2025-02-25,10.0,4.8,7.2,18.9,0.0,0.0,0
2025-02-26,13.1,5.3,8.4,0.0,0.0,0.0,0
2025-02-27,11.2,7.1,8.7,3.1,0.0,0.0,0
2025-02-28,12.6,5.6,8.8,0.0,0.0,0.0,0
2025-03-01,11.7,4.6,7.6,0.0,0.0,0.0,0
2025-03-02,9.2,3.7,6.4,0.0,0.0,0.0,0
2025-03-03,9.4,5.3,7.1,0.2,0.0,0.0,0
2025-03-04,8.6,5.4,6.9,9.7,0.0,0.0,0
2025-03-05,8.9,2.5,5.2,5.7,0.49,0.0,0
2025-03-06,8.8,3.2,5.4,0.0,0.0,0.0,0
2025-03-07,7.4,3.2,5.5,0.0,0.0,0.0,0
2025-03-08,8.4,5.1,6.1,35.0,0.0,0.0,0
2025-03-09,8.6,4.7,7.2,11.6,0.0,0.0,0
2025-03-10,6.8,2.8,4.6,1.6,0.0,0.0,0
2025-03-11,5.5,3.2,4.5,9.7,0.0,0.0,0
2025-03-12,7.2,4.0,5.3,16.5,0.42,0.0,0
2025-03-13,6.8,1.0,4.6,8.6,3.71,0.0,0
2025-03-14,8.8,0.6,4.2,8.3,5.39,0.02,0
2025-03-15,5.9,1.4,3.5,14.3,2.45,0.02,0
2025-03-16,6.2,1.1,3.0,18.8,8.05,0.03,0
2025-03-17,7.3,0.1,3.9,0.1,0.0,0.02,0
2025-03-18,7.6,0.7,4.0,1.4,0.0,0.02,0
2025-03-19,8.6,5.1,6.7,6.5,0.0,0.01,0
2025-03-20,7.9,3.8,5.7,18.4,0.21,0.0,0
2025-03-21,8.9,3.2,5.5,10.9,0.91,0.0,0
2025-03-22,8.9,3.4,5.6,2.3,0.0,0.0,0
2025-03-23,8.6,3.8,6.2,32.1,0.0,0.0,0
2025-03-24,10.4,6.8,8.5,11.9,0.0,0.0,0
2025-03-25,16.6,8.1,12.1,6.1,0.0,0.0,0
2025-03-26,17.9,8.2,11.4,10.5,0.0,0.0,0
2025-03-27,13.4,8.9,10.8,19.7,0.0,0.0,0
2025-03-28,10.1,6.4,8.7,25.8,0.0,0.0,0
2025-03-29,10.4,5.1,7.2,14.8,0.0,0.0,0
2025-03-30,14.5,3.7,7.9,0.0,0.0,0.0,0
2025-03-31,10.1,6.4,8.3,6.1,0.0,0.0,0
2025-04-01,11.4,5.2,7.7,1.1,0.0,0.0,0
2025-04-02,9.8,4.6,7.0,1.0,0.0,0.0,0
2025-04-03,10.9,3.2,7.1,0.2,0.0,0.0,0
2025-04-04,13.4,4.2,8.8,0.0,0.0,0.0,0
2025-04-05,17.0,6.2,11.7,0.0,0.0,0.0,0
2025-04-06,14.9,8.5,11.1,20.5,0.0,0.0,0
2025-04-07,11.8,7.2,8.9,20.4,0.0,0.0,0
2025-04-08,9.1,6.4,7.5,20.4,0.0,0.0,0
2025-04-09,12.6,5.8,9.1,1.8,0.0,0.0,0
2025-04-10,13.4,7.7,10.3,4.3,0.0,0.0,0
2025-04-11,9.9,4.8,7.8,0.3,0.0,0.0,0
2025-04-12,10.4,5.7,7.5,0.0,0.0,0.0,0
2025-04-13,11.4,3.5,7.8,0.0,0.0,0.0,0
2025-04-14,13.4,6.4,9.8,0.0,0.0,0.0,0
2025-04-15,12.0,5.8,9.2,0.0,0.0,0.0,0
2025-04-16,12.8,5.4,8.9,0.0,0.0,0.0,0
2025-04-17,14.5,5.1,10.0,0.0,0.0,0.0,0
2025-04-18,16.0,6.8,11.2,0.3,0.0,0.0,0
2025-04-19,12.6,6.8,9.4,0.0,0.0,0.0,0
2025-04-20,11.0,6.9,9.0,0.1,0.0,0.0,0
2025-04-21,10.4,5.6,7.9,0.0,0.0,0.0,0
2025-04-22,11.9,4.8,8.4,0.0,0.0,0.0,0
2025-04-23,14.1,5.2,9.6,0.0,0.0,0.0,0
2025-04-24,17.8,6.6,12.3,0.0,0.0,0.0,0
2025-04-25,17.9,9.6,13.7,0.0,0.0,0.0,0
2025-04-26,14.4,8.6,11.5,0.0,0.0,0.0,0
2025-04-27,13.6,7.4,10.7,0.0,0.0,0.0,0
2025-04-28,10.6,8.4,9.5,6.4,0.0,0.0,0
2025-04-29,13.2,8.8,10.8,2.5,0.0,0.0,0
2025-04-30,13.2,6.9,10.1,0.3,0.0,0.0,0
2025-05-01,18.4,7.8,12.9,0.0,0.0,0.0,0
2025-05-02,20.0,9.9,14.6,2.4,0.0,0.0,0
2025-05-03,12.6,9.0,10.4,1.8,0.0,0.0,0
2025-05-04,13.8,6.4,10.1,0.0,0.0,0.0,0
2025-05-05,15.9,7.1,11.8,0.0,0.0,0.0,0
2025-05-06,21.4,9.4,15.7,0.0,0.0,0.0,0
2025-05-07,16.0,10.1,13.7,2.0,0.0,0.0,0
2025-05-08,14.2,7.7,11.2,0.9,0.0,0.0,0
2025-05-09,15.9,10.1,13.2,0.0,0.0,0.0,0
2025-05-10,16.4,11.6,13.3,2.7,0.0,0.0,0
2025-05-11,15.4,10.5,12.5,1.0,0.0,0.0,0
2025-05-12,16.0,8.2,12.4,0.4,0.0,0.0,0
2025-05-13,16.5,9.4,13.1,0.6,0.0,0.0,0
2025-05-14,15.6,10.1,12.8,0.4,0.0,0.0,0
2025-05-15,11.4,8.4,9.8,3.8,0.0,0.0,0
2025-05-16,11.9,8.3,9.7,10.8,0.0,0.0,0
2025-05-17,12.6,9.6,11.0,13.2,0.0,0.0,0
2025-05-18,13.9,8.8,11.1,0.6,0.0,0.0,0
2025-05-19,12.9,7.9,10.2,19.4,0.0,0.0,0
2025-05-20,13.4,6.7,10.2,15.1,0.0,0.0,0
2025-05-21,13.9,8.4,11.1,1.2,0.0,0.0,0
2025-05-22,15.9,9.0,12.5,0.0,0.0,0.0,0
2025-05-23,14.9,9.5,12.4,0.0,0.0,0.0,0
2025-05-24,20.0,10.0,14.6,0.0,0.0,0.0,0
2025-05-25,18.2,11.5,15.0,0.0,0.0,0.0,0
2025-05-26,16.8,11.7,13.9,10.8,0.0,0.0,0
2025-05-27,18.3,11.1,14.6,0.0,0.0,0.0,0
2025-05-28,25.6,13.2,19.1,0.0,0.0,0.0,0
2025-05-29,18.6,12.4,14.6,8.8,0.0,0.0,0
2025-05-30,20.2,11.2,15.6,0.0,0.0,0.0,0
2025-05-31,15.2,12.6,13.9,11.4,0.0,0.0,0
2025-06-01,15.1,9.9,12.5,0.0,0.0,0.0,0
2025-06-02,16.3,10.2,13.0,0.0,0.0,0.0,0
2025-06-03,18.0,10.2,14.1,0.0,0.0,0.0,0
2025-06-04,17.1,11.1,14.5,0.1,0.0,0.0,0
2025-06-05,20.0,11.3,15.7,0.0,0.0,0.0,0
2025-06-06,20.4,13.4,16.6,0.0,0.0,0.0,0
2025-06-07,23.0,13.5,18.2,0.0,0.0,0.0,0
2025-06-08,26.0,15.9,20.9,0.0,0.0,0.0,0
2025-06-09,22.0,13.2,17.6,0.0,0.0,0.0,0
2025-06-10,21.4,13.0,17.3,0.0,0.0,0.0,0
2025-06-11,20.2,12.6,16.6,0.0,0.0,0.0,0
2025-06-12,16.2,12.4,13.9,1.5,0.0,0.0,0
2025-06-13,17.1,11.2,14.1,0.0,0.0,0.0,0
2025-06-14,17.9,10.7,14.6,0.0,0.0,0.0,0
2025-06-15,20.1,10.6,15.6,0.0,0.0,0.0,0
2025-06-16,21.6,11.6,16.5,0.0,0.0,0.0,0
2025-06-17,20.5,11.9,16.1,0.0,0.0,0.0,0
2025-06-18,19.4,14.2,16.1,1.4,0.0,0.0,0
2025-06-19,19.0,11.1,15.2,0.1,0.0,0.0,0
2025-06-20,16.2,11.9,14.0,1.5,0.0,0.0,0
2025-06-21,16.4,11.3,13.4,11.1,0.0,0.0,0
2025-06-22,18.2,11.4,14.8,3.2,0.0,0.0,0
2025-06-23,19.4,13.2,15.8,0.1,0.0,0.0,0
2025-06-24,21.5,12.4,17.7,0.0,0.0,0.0,0
2025-06-25,18.7,13.6,16.1,1.2,0.0,0.0,0
2025-06-26,16.0,13.0,14.4,3.4,0.0,0.0,0
2025-06-27,16.5,12.4,14.3,1.3,0.0,0.0,0
2025-06-28,19.4,13.1,16.1,0.1,0.0,0.0,0
2025-06-29,23.0,12.7,17.8,0.0,0.0,0.0,0
2025-06-30,25.4,15.5,20.3,0.0,0.0,0.0,0
2025-07-01,24.6,15.6,20.4,0.0,0.0,0.0,0
2025-07-02,22.2,14.1,18.3,0.0,0.0,0.0,0
2025-07-03,20.8,12.3,16.6,0.1,0.0,0.0,0
2025-07-04,22.9,13.3,18.3,0.0,0.0,0.0,0
2025-07-05,21.3,12.8,17.1,0.0,0.0,0.0,0
2025-07-06,23.0,13.7,18.7,0.0,0.0,0.0,0
2025-07-07,25.0,14.9,20.8,0.0,0.0,0.0,0
2025-07-08,25.3,16.0,19.8,10.9,0.0,0.0,0
2025-07-09,20.1,16.4,17.8,8.7,0.0,0.0,0
2025-07-10,20.0,13.5,16.7,0.6,0.0,0.0,0
2025-07-11,23.0,14.1,18.9,0.0,0.0,0.0,0
2025-07-12,23.9,16.3,19.9,0.2,0.0,0.0,0
2025-07-13,27.6,17.0,21.9,0.0,0.0,0.0,0
2025-07-14,23.7,17.7,20.1,0.0,0.0,0.0,0
2025-07-15,28.5,17.2,23.0,0.0,0.0,0.0,0
2025-07-16,26.2,17.2,22.2,0.0,0.0,0.0,0
2025-07-17,26.4,17.0,22.0,0.0,0.0,0.0,0
2025-07-18,22.7,16.3,19.1,0.2,0.0,0.0,0
2025-07-19,20.9,13.2,16.5,0.0,0.0,0.0,0
2025-07-20,21.2,13.4,17.5,0.0,0.0,0.0,0
2025-07-21,23.5,14.5,19.6,0.0,0.0,0.0,0
2025-07-22,22.5,15.8,19.4,0.0,0.0,0.0,0
2025-07-23,24.4,16.5,20.6,0.0,0.0,0.0,0
2025-07-24,24.2,16.4,20.6,0.0,0.0,0.0,0
2025-07-25,20.3,13.9,16.8,0.0,0.0,0.0,0
2025-07-26,21.8,12.9,17.6,0.0,0.0,0.0,0
2025-07-27,22.0,13.5,18.2,0.0,0.0,0.0,0
2025-07-28,23.9,13.8,19.4,0.0,0.0,0.0,0
2025-07-29,26.1,14.2,20.6,0.0,0.0,0.0,0
2025-07-30,26.2,15.0,21.6,0.0,0.0,0.0,0
2025-07-31,25.2,16.2,21.5,0.0,0.0,0.0,0
2025-08-01,25.0,16.5,21.2,0.0,0.0,0.0,0
2025-08-02,24.5,15.5,19.8,0.0,0.0,0.0,0
2025-08-03,21.5,14.4,18.3,0.0,0.0,0.0,0
2025-08-04,22.3,15.4,18.7,0.0,0.0,0.0,0
2025-08-05,21.8,15.2,17.7,6.7,0.0,0.0,0
2025-08-06,20.4,15.4,17.3,16.0,0.0,0.0,0
2025-08-07,19.2,14.9,16.9,1.7,0.0,0.0,0
2025-08-08,20.5,12.9,16.6,0.0,0.0,0.0,0
2025-08-09,22.1,13.8,18.0,0.0,0.0,0.0,0
2025-08-10,24.4,16.4,20.6,0.0,0.0,0.0,0
2025-08-11,27.1,18.2,22.2,0.0,0.0,0.0,0
2025-08-12,27.1,18.0,22.7,0.0,0.0,0.0,0
2025-08-13,24.4,17.2,20.5,0.0,0.0,0.0,0
2025-08-14,20.5,14.9,17.6,7.3,0.0,0.0,0
2025-08-15,17.4,15.4,16.5,42.5,0.0,0.0,0
2025-08-16,20.2,15.0,17.1,5.4,0.0,0.0,0
2025-08-17,20.5,14.9,17.1,0.1,0.0,0.0,0
2025-08-18,20.2,15.4,17.5,0.7,0.0,0.0,0
2025-08-19,20.9,15.7,17.9,0.0,0.0,0.0,0
2025-08-20,20.0,14.5,16.8,0.6,0.0,0.0,0
2025-08-21,21.1,13.9,17.2,0.0,0.0,0.0,0
2025-08-22,25.4,15.9,20.2,0.0,0.0,0.0,0
2025-08-23,26.5,16.9,21.8,0.0,0.0,0.0,0
2025-08-24,25.9,17.6,21.5,0.0,0.0,0.0,0
2025-08-25,26.6,15.9,21.2,0.0,0.0,0.0,0
2025-08-26,26.2,14.9,20.9,0.0,0.0,0.0,0
2025-08-27,25.5,15.6,20.9,0.0,0.0,0.0,0
2025-08-28,23.6,17.8,20.5,0.0,0.0,0.0,0
2025-08-29,25.1,16.5,20.6,0.0,0.0,0.0,0
2025-08-30,22.4,15.9,18.7,0.0,0.0,0.0,0
2025-08-31,24.5,15.9,19.3,0.0,0.0,0.0,0
2025-09-01,21.0,16.0,18.4,0.1,0.0,0.0,0
2025-09-02,22.9,13.6,18.1,0.0,0.0,0.0,0
2025-09-03,24.4,16.6,19.9,0.0,0.0,0.0,0
2025-09-04,22.9,14.7,18.6,0.0,0.0,0.0,0
2025-09-05,22.8,14.5,18.9,0.0,0.0,0.0,0
2025-09-06,22.9,14.9,18.6,0.1,0.0,0.0,0
2025-09-07,21.1,15.9,17.9,0.0,0.0,0.0,0
2025-09-08,20.6,15.8,17.7,0.0,0.0,0.0,0
2025-09-09,20.6,15.0,17.4,0.0,0.0,0.0,0
2025-09-10,20.9,14.4,17.2,0.0,0.0,0.0,0
2025-09-11,20.1,13.6,16.7,0.0,0.0,0.0,0
2025-09-12,20.2,14.8,16.8,0.2,0.0,0.0,0
2025-09-13,22.0,13.9,17.5,0.0,0.0,0.0,0
2025-09-14,17.3,14.9,15.8,8.8,0.0,0.0,0
2025-09-15,18.2,12.6,15.0,0.4,0.0,0.0,0
2025-09-16,24.5,13.7,19.0,0.0,0.0,0.0,0
2025-09-17,21.4,15.8,18.7,0.0,0.0,0.0,0
2025-09-18,18.3,13.2,15.4,0.0,0.0,0.0,0
2025-09-19,20.0,11.3,15.4,0.0,0.0,0.0,0
2025-09-20,21.2,11.9,16.3,2.3,0.0,0.0,0
2025-09-21,17.2,13.1,15.0,16.5,0.0,0.0,0
2025-09-22,18.4,11.4,14.3,0.0,0.0,0.0,0
2025-09-23,19.0,11.9,15.6,0.0,0.0,0.0,0
2025-09-24,16.6,12.6,14.5,0.0,0.0,0.0,0
2025-09-25,14.1,9.8,12.3,0.1,0.0,0.0,0
2025-09-26,15.8,10.5,13.0,4.4,0.0,0.0,0
2025-09-27,17.2,12.7,14.3,17.4,0.0,0.0,0
2025-09-28,19.6,12.6,16.0,10.0,0.0,0.0,0
2025-09-29,15.4,13.2,14.4,26.7,0.0,0.0,0
2025-09-30,17.8,12.1,14.3,5.2,0.0,0.0,0
2025-10-01,17.3,11.1,13.7,9.5,0.0,0.0,0
2025-10-02,16.2,12.0,13.7,19.4,0.0,0.0,0
2025-10-03,14.9,9.8,12.1,0.0,0.0,0.0,0
2025-10-04,14.9,9.3,12.0,0.1,0.0,0.0,0
2025-10-05,14.9,8.9,11.9,0.0,0.0,0.0,0
2025-10-06,16.0,9.8,12.5,0.0,0.0,0.0,0
2025-10-07,15.9,10.5,12.4,9.3,0.0,0.0,0
2025-10-08,13.5,9.7,11.1,0.4,0.0,0.0,0
2025-10-09,13.5,9.0,11.3,1.3,0.0,0.0,0
2025-10-10,13.4,8.1,10.6,11.6,0.0,0.0,0
2025-10-11,12.4,9.4,10.7,4.2,0.0,0.0,0
2025-10-12,10.5,6.9,9.2,3.4,0.0,0.0,0
2025-10-13,11.9,4.7,8.3,0.0,0.0,0.0,0
2025-10-14,12.1,3.7,8.1,0.0,0.0,0.0,0
2025-10-15,12.1,3.6,8.0,0.0,0.0,0.0,0
2025-10-16,11.2,5.2,8.2,0.1,0.0,0.0,0
2025-10-17,11.8,7.4,10.0,1.1,0.0,0.0,0
2025-10-18,9.7,7.4,8.4,17.4,0.0,0.0,0
2025-10-19,12.0,7.3,9.5,13.0,0.0,0.0,0
2025-10-20,11.6,6.9,9.5,3.6,0.0,0.0,0
2025-10-21,13.6,7.5,10.2,0.6,0.0,0.0,0
2025-10-22,11.5,5.7,8.5,15.0,0.0,0.0,0
2025-10-23,14.9,8.9,11.6,4.1,0.0,0.0,0
2025-10-24,12.9,8.9,11.4,15.6,0.0,0.0,0
2025-10-25,9.5,6.8,8.2,16.6,0.0,0.0,0
2025-10-26,8.9,5.4,7.4,11.2,0.0,0.0,0
2025-10-27,9.4,4.0,6.4,6.8,0.0,0.0,0
2025-10-28,10.2,5.1,7.5,19.6,0.0,0.0,0
2025-10-29,13.0,6.6,9.2,2.3,0.0,0.0,0
2025-10-30,10.1,4.9,7.4,0.0,0.0,0.0,0
2025-10-31,10.2,6.1,8.4,23.2,0.0,0.0,0
2025-11-01,10.4,5.8,9.1,19.4,0.0,0.0,0
2025-11-02,10.1,3.5,6.6,6.0,0.0,0.0,0
2025-11-03,10.5,4.9,6.9,0.0,0.0,0.0,0
2025-11-04,11.9,2.3,6.6,0.4,0.0,0.0,0
2025-11-05,12.1,8.0,10.7,19.3,0.0,0.0,0
2025-11-06,11.1,8.1,9.7,28.6,0.0,0.0,0
2025-11-07,10.9,6.7,8.3,2.0,0.0,0.0,0
2025-11-08,10.2,4.6,7.6,0.0,0.0,0.0,0
2025-11-09,14.2,5.9,9.8,14.4,0.0,0.0,0
2025-11-10,12.4,9.0,10.5,9.2,0.0,0.0,0
2025-11-11,10.4,4.3,7.3,0.0,0.0,0.0,0
2025-11-12,10.3,5.2,7.7,2.6,0.0,0.0,0
2025-11-13,10.9,5.6,9.0,20.3,0.0,0.0,0
2025-11-14,7.8,4.8,6.4,4.0,0.0,0.0,0
2025-11-15,10.4,6.0,8.5,1.4,0.0,0.0,0
2025-11-16,11.3,8.6,10.1,7.1,0.0,0.0,0
2025-11-17,10.8,6.2,7.7,8.6,0.0,0.0,0
2025-11-18,7.8,4.3,6.0,0.0,0.0,0.0,0
2025-11-19,8.6,2.8,4.9,0.0,0.0,0.0,0
2025-11-20,9.9,5.4,7.4,0.7,0.0,0.0,0
2025-11-21,8.1,6.1,7.3,1.2,0.0,0.0,0
2025-11-22,9.6,8.1,8.8,19.1,0.0,0.0,0
2025-11-23,9.3,5.6,7.2,3.7,0.0,0.0,0
2025-11-24,5.6,2.3,4.2,8.5,1.26,0.0,0
2025-11-25,5.8,4.2,5.0,8.0,0.0,0.0,0
2025-11-26,8.6,5.8,6.8,0.7,0.0,0.0,0
2025-11-27,7.3,5.7,6.6,11.5,0.0,0.0,0
2025-11-28,8.1,3.7,5.8,0.0,0.0,0.0,0
2025-11-29,6.1,3.0,4.6,0.6,0.0,0.0,0
2025-11-30,5.2,-0.1,2.5,0.0,0.0,0.0,1
2025-12-01,5.3,2.5,3.5,4.5,0.0,0.0,0
2025-12-02,6.8,3.0,4.6,0.7,0.0,0.0,0
2025-12-03,5.7,3.2,4.5,1.3,0.0,0.0,0
2025-12-04,5.8,4.8,5.3,12.6,0.0,0.0,0
2025-12-05,7.3,5.5,6.3,20.2,0.14,0.0,0
2025-12-06,9.8,4.8,7.3,7.8,0.0,0.0,0
2025-12-07,9.0,5.8,7.0,21.3,0.0,0.0,0
2025-12-08,11.1,6.2,8.1,32.5,0.0,0.0,0
2025-12-09,8.8,3.9,7.0,8.1,0.0,0.0,0
2025-12-10,9.6,6.0,7.7,29.7,0.0,0.0,0
2025-12-11,10.1,5.5,7.3,2.0,0.0,0.0,0
2025-12-12,7.9,5.6,6.6,5.0,0.0,0.0,0
2025-12-13,12.1,8.3,9.6,0.3,0.0,0.0,0
2025-12-14,10.7,8.8,9.6,30.6,0.0,0.0,0
2025-12-15,13.2,7.2,10.7,43.5,0.0,0.0,0
2025-12-16,8.8,4.7,6.9,36.4,0.49,0.0,0
2025-12-17,8.2,3.8,6.2,16.9,2.31,0.0,0
2025-12-18,9.3,4.2,5.7,28.2,1.05,0.0,0
2025-12-19,5.0,0.6,2.9,3.3,0.28,0.0,0
2025-12-20,4.4,2.0,3.0,16.7,4.13,0.02,0
2025-12-21,4.9,1.3,3.4,21.3,3.92,0.01,0
2025-12-22,4.9,0.0,2.6,25.3,10.64,0.04,0
2025-12-23,5.3,0.7,2.6,0.1,0.0,0.01,0
2025-12-24,3.5,0.4,2.6,6.1,0.0,0.02,0
2025-12-25,4.1,0.6,2.3,4.1,1.05,0.0,0
2025-12-26,4.1,1.5,3.3,11.7,1.12,0.0,0
2025-12-27,1.3,-0.7,0.4,0.4,0.28,0.0,1
2025-12-28,2.2,-1.1,0.9,0.0,0.0,0.0,1
2025-12-29,5.4,1.6,3.2,0.0,0.0,0.0,0
2025-12-30,4.3,2.0,2.7,0.0,0.0,0.0,0
2025-12-31,5.2,1.2,2.6,0.0,0.0,0.0,0
